{
	"format_version": "1.12.0",
	"minecraft:geometry": [
		{
			"description": {
				"identifier": "geometry.unknown",
				"texture_width": 2048,
				"texture_height": 2048,
				"visible_bounds_width": 21,
				"visible_bounds_height": 7,
				"visible_bounds_offset": [0, 2.5, 0]
			},
			"bones": [
				{
					"name": "dragon",
					"pivot": [0.5, 37, -49],
					"cubes": [
						{"origin": [-9.5, 23.31517, -60.10368], "size": [20, 23, 25], "uv": [688, 146]}
					]
				},
				{
					"name": "hitbox",
					"parent": "dragon",
					"pivot": [0.5, 38.31517, -40.10368],
					"cubes": [
						{"origin": [-9.5, 20.31517, -74.10368], "size": [20, 28, 54], "uv": [1558, 349]}
					]
				},
				{
					"name": "right_arm",
					"parent": "dragon",
					"pivot": [-6.5, 35.31517, -49.10368]
				},
				{
					"name": "hitbox2",
					"parent": "right_arm",
					"pivot": [-8.61852, 34.9178, -50],
					"cubes": [
						{"origin": [-14.61852, -4.0822, -57], "size": [18, 42, 15], "pivot": [-8.61852, 34.9178, -50], "rotation": [0, 0, 22.5], "uv": [1434, 836]}
					]
				},
				{
					"name": "arm_9",
					"parent": "right_arm",
					"pivot": [-7.51852, 35.9178, -49.9],
					"rotation": [0, 0, 22.5],
					"cubes": [
						{"origin": [-10.61852, 17.9178, -55], "size": [6, 20, 10], "uv": [882, 940]}
					]
				},
				{
					"name": "arm_10",
					"parent": "arm_9",
					"pivot": [-5.51852, 20.9178, -49.9],
					"rotation": [0, 0, -15],
					"cubes": [
						{"origin": [-11.41407, 9.47072, -56], "size": [9, 14, 12], "uv": [1028, 419]}
					]
				},
				{
					"name": "arm_11",
					"parent": "arm_10",
					"pivot": [-8.31407, 10.47072, -49.9],
					"rotation": [0, 0, -15],
					"cubes": [
						{"origin": [-9.28, 1.72954, -53.9], "size": [5.8, 10, 8], "pivot": [-5.28, 11.72954, -49.9], "rotation": [0, 0, 2.5], "uv": [1048, 66]}
					]
				},
				{
					"name": "hand3",
					"parent": "arm_11",
					"pivot": [-6.08, 3.72954, -48.3],
					"rotation": [37.5, 0, 0],
					"cubes": [
						{"origin": [-12.50924, -4.06411, -51.765], "size": [11, 10, 5], "uv": [486, 1014]}
					]
				},
				{
					"name": "claw29",
					"parent": "hand3",
					"pivot": [-23.08, -7.27046, -48.3],
					"cubes": [
						{"origin": [-8.40924, -8.06411, -50.665], "size": [2.75, 5, 1.85], "uv": [284, 681]}
					]
				},
				{
					"name": "claw30",
					"parent": "claw29",
					"pivot": [-23.08, -7.27046, -48.3],
					"cubes": [
						{"origin": [-8.20924, -9.06411, -50.165], "size": [2.25, 3, 1.5], "pivot": [-7.20924, -7.15039, -49.11947], "rotation": [40, 0, 0], "uv": [706, 440]}
					]
				},
				{
					"name": "claw31",
					"parent": "claw30",
					"pivot": [-23.08, -7.27046, -48.3],
					"cubes": [
						{"origin": [-7.50924, -12.06411, -50.565], "size": [1, 4, 1], "pivot": [-6.50924, -7.15039, -49.51947], "rotation": [57.5, 0, 0], "uv": [212, 428]}
					]
				},
				{
					"name": "claw32",
					"parent": "hand3",
					"pivot": [-27.78, -7.27046, -47.9],
					"cubes": [
						{"origin": [-12.40924, -8.06411, -50.665], "size": [2.75, 5, 1.85], "uv": [682, 636]}
					]
				},
				{
					"name": "claw33",
					"parent": "claw32",
					"pivot": [-27.78, -7.27046, -47.9],
					"cubes": [
						{"origin": [-12.20924, -9.06411, -50.165], "size": [2.25, 3, 1.5], "pivot": [-11.20924, -7.15039, -49.11947], "rotation": [40, 0, 0], "uv": [706, 444]}
					]
				},
				{
					"name": "claw34",
					"parent": "claw33",
					"pivot": [-27.78, -7.27046, -47.9],
					"cubes": [
						{"origin": [-11.50924, -12.06411, -50.565], "size": [1, 4, 1], "pivot": [-10.50924, -7.15039, -49.51947], "rotation": [57.5, 0, 0], "uv": [398, 535]}
					]
				},
				{
					"name": "claw35",
					"parent": "hand3",
					"pivot": [-19.08, -7.27046, -48.3],
					"cubes": [
						{"origin": [-4.40924, -8.06411, -50.665], "size": [2.75, 5, 1.85], "uv": [682, 642]}
					]
				},
				{
					"name": "claw36",
					"parent": "claw35",
					"pivot": [-19.08, -7.27046, -48.3],
					"cubes": [
						{"origin": [-4.20924, -9.06411, -50.165], "size": [2.25, 3, 1.5], "pivot": [-3.20924, -7.15039, -49.11947], "rotation": [40, 0, 0], "uv": [706, 448]}
					]
				},
				{
					"name": "claw37",
					"parent": "claw36",
					"pivot": [-19.08, -7.27046, -48.3],
					"cubes": [
						{"origin": [-3.50924, -12.06411, -50.565], "size": [1, 4, 1], "pivot": [-2.50924, -7.15039, -49.51947], "rotation": [57.5, 0, 0], "uv": [398, 540]}
					]
				},
				{
					"name": "claw38",
					"parent": "hand3",
					"pivot": [-19.78, -1.27046, -47.9],
					"cubes": [
						{"origin": [-3.40924, -5.06411, -50.665], "size": [2.75, 5, 1.85], "pivot": [-3.20924, -1.15039, -49.11947], "rotation": [0, 0, -32.5], "uv": [284, 687]}
					]
				},
				{
					"name": "claw39",
					"parent": "claw38",
					"pivot": [-19.78, -1.27046, -47.9],
					"cubes": [
						{"origin": [-3.20924, -5.36224, -52.09336], "size": [2.25, 3, 1.5], "pivot": [-3.20924, -1.15039, -49.11947], "rotation": [40, 0, -32.5], "uv": [706, 452]}
					]
				},
				{
					"name": "claw40",
					"parent": "claw39",
					"pivot": [-19.78, -1.27046, -47.9],
					"cubes": [
						{"origin": [-2.50924, -7.33865, -52.91009], "size": [1, 4, 1], "pivot": [-3.20924, -1.15039, -49.11947], "rotation": [57.5, 0, -32.5], "uv": [398, 545]}
					]
				},
				{
					"name": "left_arm",
					"parent": "dragon",
					"pivot": [8.51852, 35.9178, -49.9],
					"rotation": [0, 0, -22.5],
					"cubes": [
						{"origin": [5.61852, 17.9178, -55], "size": [6, 20, 10], "uv": [306, 902]}
					]
				},
				{
					"name": "hitbox3",
					"parent": "left_arm",
					"pivot": [8.61852, 34.9178, -50],
					"cubes": [
						{"origin": [-3.38148, -4.0822, -57], "size": [18, 42, 15], "uv": [1271, 858]}
					]
				},
				{
					"name": "arm_6",
					"parent": "left_arm",
					"pivot": [6.51852, 20.9178, -49.9],
					"rotation": [0, 0, 15],
					"cubes": [
						{"origin": [3.41407, 9.47072, -56], "size": [9, 14, 12], "uv": [1026, 523]}
					]
				},
				{
					"name": "arm_7",
					"parent": "arm_6",
					"pivot": [9.31407, 10.47072, -49.9],
					"rotation": [0, 0, 15],
					"cubes": [
						{"origin": [4.48, 1.72954, -53.9], "size": [5.8, 10, 8], "pivot": [6.28, 11.72954, -49.9], "rotation": [0, 0, -2.5], "uv": [578, 901]}
					]
				},
				{
					"name": "hand2",
					"parent": "arm_7",
					"pivot": [7.08, 3.72954, -48.3],
					"rotation": [37.5, 0, 0],
					"cubes": [
						{"origin": [2.50924, -4.06411, -51.765], "size": [11, 10, 5], "uv": [980, 844]}
					]
				},
				{
					"name": "claw17",
					"parent": "hand2",
					"pivot": [24.08, -7.27046, -48.3],
					"cubes": [
						{"origin": [6.65924, -8.06411, -50.665], "size": [2.75, 5, 1.85], "uv": [528, 295]}
					]
				},
				{
					"name": "claw18",
					"parent": "claw17",
					"pivot": [24.08, -7.27046, -48.3],
					"cubes": [
						{"origin": [6.95924, -9.06411, -50.165], "size": [2.25, 3, 1.5], "pivot": [8.20924, -7.15039, -49.11947], "rotation": [40, 0, 0], "uv": [284, 693]}
					]
				},
				{
					"name": "claw19",
					"parent": "claw18",
					"pivot": [24.08, -7.27046, -48.3],
					"cubes": [
						{"origin": [7.50924, -12.06411, -50.565], "size": [1, 4, 1], "pivot": [7.50924, -7.15039, -49.51947], "rotation": [57.5, 0, 0], "uv": [212, 408]}
					]
				},
				{
					"name": "claw20",
					"parent": "hand2",
					"pivot": [28.78, -7.27046, -47.9],
					"cubes": [
						{"origin": [10.65924, -8.06411, -50.665], "size": [2.75, 5, 1.85], "uv": [528, 301]}
					]
				},
				{
					"name": "claw21",
					"parent": "claw20",
					"pivot": [28.78, -7.27046, -47.9],
					"cubes": [
						{"origin": [10.95924, -9.06411, -50.165], "size": [2.25, 3, 1.5], "pivot": [12.20924, -7.15039, -49.11947], "rotation": [40, 0, 0], "uv": [284, 697]}
					]
				},
				{
					"name": "claw22",
					"parent": "claw21",
					"pivot": [28.78, -7.27046, -47.9],
					"cubes": [
						{"origin": [11.50924, -12.06411, -50.565], "size": [1, 4, 1], "pivot": [11.50924, -7.15039, -49.51947], "rotation": [57.5, 0, 0], "uv": [212, 413]}
					]
				},
				{
					"name": "claw23",
					"parent": "hand2",
					"pivot": [20.08, -7.27046, -48.3],
					"cubes": [
						{"origin": [2.65924, -8.06411, -50.665], "size": [2.75, 5, 1.85], "uv": [528, 307]}
					]
				},
				{
					"name": "claw24",
					"parent": "claw23",
					"pivot": [20.08, -7.27046, -48.3],
					"cubes": [
						{"origin": [2.95924, -9.06411, -50.165], "size": [2.25, 3, 1.5], "pivot": [4.20924, -7.15039, -49.11947], "rotation": [40, 0, 0], "uv": [284, 701]}
					]
				},
				{
					"name": "claw25",
					"parent": "claw24",
					"pivot": [20.08, -7.27046, -48.3],
					"cubes": [
						{"origin": [3.50924, -12.06411, -50.565], "size": [1, 4, 1], "pivot": [3.50924, -7.15039, -49.51947], "rotation": [57.5, 0, 0], "uv": [212, 418]}
					]
				},
				{
					"name": "claw26",
					"parent": "hand2",
					"pivot": [20.78, -1.27046, -47.9],
					"cubes": [
						{"origin": [1.65924, -5.06411, -50.665], "size": [2.75, 5, 1.85], "pivot": [4.20924, -1.15039, -49.11947], "rotation": [0, 0, 32.5], "uv": [528, 313]}
					]
				},
				{
					"name": "claw27",
					"parent": "claw26",
					"pivot": [20.78, -1.27046, -47.9],
					"cubes": [
						{"origin": [1.95924, -5.36224, -52.09336], "size": [2.25, 3, 1.5], "pivot": [4.20924, -1.15039, -49.11947], "rotation": [40, 0, 32.5], "uv": [284, 705]}
					]
				},
				{
					"name": "claw28",
					"parent": "claw27",
					"pivot": [20.78, -1.27046, -47.9],
					"cubes": [
						{"origin": [2.50924, -7.33865, -52.91009], "size": [1, 4, 1], "pivot": [4.20924, -1.15039, -49.11947], "rotation": [57.5, 0, 32.5], "uv": [212, 423]}
					]
				},
				{
					"name": "tail_1",
					"parent": "dragon",
					"pivot": [-0.5, 33.31517, -38.10368],
					"cubes": [
						{"origin": [-8.5, 25.31517, -38.10368], "size": [18, 18, 18], "pivot": [0.5, 34.31517, -39.10368], "rotation": [-7.5, 0, 0], "uv": [794, 978]},
						{"origin": [-4.6, 42.01517, -29.30368], "size": [10, 8, 4], "pivot": [0.4, 42.01517, -28.30368], "rotation": [-7.5, 0, 0], "uv": [834, 226]},
						{"origin": [-3.1, 41.41517, -25.30368], "size": [7, 5, 2], "pivot": [-1.1, 41.41517, -24.30368], "rotation": [-7.5, 0, 0], "uv": [516, 319]},
						{"origin": [-3.2, 47.01517, -27.80368], "size": [7, 8, 2], "pivot": [-1.2, 47.01517, -26.80368], "rotation": [-7.5, 0, 0], "uv": [740, 660]},
						{"origin": [-15.7, 35.81517, -30], "size": [11, 4, 4], "pivot": [-4.7, 36.81517, -28.40368], "rotation": [-7.15656, 2.24944, 17.35932], "uv": [694, 572]},
						{"origin": [-12.2, 37.01517, -26.8], "size": [4, 3, 2], "pivot": [-8.2, 38.01517, -25.20368], "rotation": [-7.15656, 2.24944, 17.35932], "uv": [906, 479]},
						{"origin": [5.7, 35.81517, -30], "size": [11, 4, 4], "pivot": [5.7, 36.81517, -28.40368], "rotation": [-7.15656, -2.24944, -17.35932], "uv": [724, 572]},
						{"origin": [9.7, 34.81517, -27], "size": [4, 3, 2], "pivot": [2.7, 35.81517, -25.40368], "rotation": [-7.15656, -2.24944, -17.35932], "uv": [604, 478]},
						{"origin": [14.4, 38.71517, -29.2], "size": [9, 2, 3], "pivot": [12.4, 39.71517, -27.60368], "rotation": [-7.15656, -2.24944, -17.35932], "uv": [490, 239]},
						{"origin": [-22.1, 38.91517, -29.2], "size": [9, 2, 3], "pivot": [-11.1, 39.91517, -27.60368], "rotation": [-7.15656, 2.24944, 17.35932], "uv": [514, 239]}
					]
				},
				{
					"name": "tail_2",
					"parent": "tail_1",
					"pivot": [-0.5, 31.31517, -22.10368],
					"cubes": [
						{"origin": [-6.5, 25.31517, -22.10368], "size": [14, 14, 23], "pivot": [0.5, 31.31517, -22.10368], "rotation": [-5, 0, 0], "uv": [882, 977]},
						{"origin": [-3.5, 38.21517, -17.40368], "size": [8, 7, 4], "pivot": [0.5, 38.21517, -16.40368], "rotation": [-5, 0, 0], "uv": [948, 162]},
						{"origin": [-2.5, 38.21517, -13.40368], "size": [6, 4, 2], "pivot": [-0.5, 38.21517, -12.40368], "rotation": [-5, 0, 0], "uv": [728, 194]},
						{"origin": [-2.5, 43.21517, -15.80368], "size": [6, 7, 2], "pivot": [-0.5, 43.21517, -14.80368], "rotation": [-5, 0, 0], "uv": [866, 175]},
						{"origin": [-13.5, 35.21517, -17.10368], "size": [8, 3, 3], "pivot": [-9.5, 35.21517, -16.10368], "rotation": [-5, 0, 20], "uv": [616, 526]},
						{"origin": [-11.3, 35.71517, -15.00368], "size": [5, 2, 2], "pivot": [-10.3, 35.71517, -14.00368], "rotation": [-5, 0, 20], "uv": [618, 200]},
						{"origin": [6.5, 35.21517, -17.10368], "size": [8, 3, 3], "pivot": [10.5, 35.21517, -16.10368], "rotation": [-5, 0, -20], "uv": [638, 526]},
						{"origin": [7.5, 34.81517, -15.00368], "size": [5, 2, 2], "pivot": [8.5, 34.81517, -14.00368], "rotation": [-5, 0, -20], "uv": [618, 146]},
						{"origin": [11.5, 37.31517, -16.70368], "size": [8, 2, 2], "pivot": [15.5, 37.31517, -15.70368], "rotation": [-5, 0, -20], "uv": [216, 322]},
						{"origin": [-19.5, 37.71517, -16.60368], "size": [8, 2, 2], "pivot": [-15.5, 37.71517, -15.60368], "rotation": [-5, 0, 20], "uv": [518, 151]},
						{"origin": [-3.5, 36.21517, -6.40368], "size": [8, 7, 4], "pivot": [0.5, 36.21517, -5.40368], "rotation": [-5, 0, 0], "uv": [100, 1026]},
						{"origin": [11.5, 35.31517, -5.70368], "size": [8, 2, 2], "pivot": [15.5, 35.31517, -4.70368], "rotation": [-5, 0, -20], "uv": [538, 151]},
						{"origin": [6.5, 33.21517, -6.10368], "size": [8, 3, 3], "pivot": [10.5, 33.21517, -5.10368], "rotation": [-5, 0, -20], "uv": [660, 526]},
						{"origin": [7.5, 32.81517, -4.00368], "size": [5, 2, 2], "pivot": [8.5, 32.81517, -3.00368], "rotation": [-5, 0, -20], "uv": [632, 200]},
						{"origin": [-2.5, 41.21517, -4.80368], "size": [6, 7, 2], "pivot": [-0.5, 41.21517, -3.80368], "rotation": [-5, 0, 0], "uv": [150, 870]},
						{"origin": [-2.5, 36.21517, -2.40368], "size": [6, 4, 2], "pivot": [-0.5, 36.21517, -1.40368], "rotation": [-5, 0, 0], "uv": [708, 854]},
						{"origin": [-11.3, 33.71517, -4.00368], "size": [5, 2, 2], "pivot": [-10.3, 33.71517, -3.00368], "rotation": [-5, 0, 20], "uv": [632, 146]},
						{"origin": [-13.5, 33.21517, -6.10368], "size": [8, 3, 3], "pivot": [-9.5, 33.21517, -5.10368], "rotation": [-5, 0, 20], "uv": [650, 247]},
						{"origin": [-19.5, 35.71517, -5.60368], "size": [8, 2, 2], "pivot": [-15.5, 35.71517, -4.60368], "rotation": [-5, 0, 20], "uv": [530, 478]}
					]
				},
				{
					"name": "hitbox4",
					"parent": "tail_2",
					"pivot": [-0.5, 31.31517, -22.10368],
					"cubes": [
						{"origin": [-10.5, 25.31517, -23.10368], "size": [22, 19, 32], "uv": [1160, 310]}
					]
				},
				{
					"name": "tail_3",
					"parent": "tail_2",
					"pivot": [-0.5, 30.31517, -1.10368],
					"cubes": [
						{"origin": [-4.5, 24.31517, -1.10368], "size": [10, 11, 23], "pivot": [0.5, 30.31517, -1.10368], "rotation": [-12.5, 0, 0], "uv": [0, 928]},
						{"origin": [-2.5, 33.81517, 3.89632], "size": [6, 6, 3], "pivot": [0.5, 33.81517, 5.89632], "rotation": [-12.5, 0, 0], "uv": [828, 617]},
						{"origin": [-1.5, 33.31517, 5.89632], "size": [4, 4, 2], "pivot": [-0.5, 33.31517, 7.89632], "rotation": [-12.5, 0, 0], "uv": [902, 773]},
						{"origin": [5.5, 30.81517, 3.89632], "size": [6, 3, 3], "pivot": [8.5, 30.81517, 5.89632], "rotation": [-12.08681, -3.21132, -14.65993], "uv": [714, 140]},
						{"origin": [5.5, 30.11517, 5.79632], "size": [3, 2, 2], "pivot": [5.5, 30.11517, 7.79632], "rotation": [-12.08681, -3.21132, -14.65993], "uv": [202, 459]},
						{"origin": [10.5, 32.31517, 4.89632], "size": [5, 2, 2], "pivot": [12.5, 32.31517, 6.89632], "rotation": [-12.08681, -3.21132, -14.65993], "uv": [576, 151]},
						{"origin": [-1.5, 38.81517, 5.69632], "size": [4, 6, 2], "pivot": [-0.5, 38.81517, 7.69632], "rotation": [-12.5, 0, 0], "uv": [894, 175]},
						{"origin": [-10.5, 30.51517, 3.89632], "size": [6, 3, 3], "pivot": [-7.5, 30.51517, 5.89632], "rotation": [-12.08681, 3.21132, 14.65993], "uv": [732, 140]},
						{"origin": [-7.4, 30.51517, 6.89632], "size": [3, 2, 2], "pivot": [-7.4, 30.51517, 8.89632], "rotation": [-12.08681, 3.21132, 14.65993], "uv": [202, 463]},
						{"origin": [-14.4, 32.11517, 4.89632], "size": [5, 2, 2], "pivot": [-11.4, 32.11517, 6.89632], "rotation": [-12.08681, 3.21132, 14.65993], "uv": [604, 200]},
						{"origin": [10.5, 29.31517, 16.89632], "size": [5, 2, 2], "pivot": [12.5, 29.31517, 18.89632], "rotation": [-12.08681, -3.21132, -14.65993], "uv": [660, 146]},
						{"origin": [5.5, 27.81517, 15.89632], "size": [6, 3, 3], "pivot": [8.5, 27.81517, 17.89632], "rotation": [-12.08681, -3.21132, -14.65993], "uv": [806, 134]},
						{"origin": [5.5, 27.11517, 17.79632], "size": [3, 2, 2], "pivot": [5.5, 27.11517, 19.79632], "rotation": [-12.08681, -3.21132, -14.65993], "uv": [202, 471]},
						{"origin": [-1.5, 35.81517, 17.69632], "size": [4, 6, 2], "pivot": [-0.5, 35.81517, 19.69632], "rotation": [-12.5, 0, 0], "uv": [906, 124]},
						{"origin": [-2.5, 30.81517, 15.89632], "size": [6, 6, 3], "pivot": [0.5, 30.81517, 17.89632], "rotation": [-12.5, 0, 0], "uv": [828, 626]},
						{"origin": [-1.5, 30.31517, 17.89632], "size": [4, 4, 2], "pivot": [-0.5, 30.31517, 19.89632], "rotation": [-12.5, 0, 0], "uv": [914, 773]},
						{"origin": [-7.4, 27.51517, 18.89632], "size": [3, 2, 2], "pivot": [-7.4, 27.51517, 20.89632], "rotation": [-12.08681, 3.21132, 14.65993], "uv": [202, 467]},
						{"origin": [-10.5, 27.51517, 15.89632], "size": [6, 3, 3], "pivot": [-7.5, 27.51517, 17.89632], "rotation": [-12.08681, 3.21132, 14.65993], "uv": [750, 140]},
						{"origin": [-14.4, 29.11517, 16.89632], "size": [5, 2, 2], "pivot": [-11.4, 29.11517, 18.89632], "rotation": [-12.08681, 3.21132, 14.65993], "uv": [646, 146]}
					]
				},
				{
					"name": "hitbox5",
					"parent": "tail_3",
					"pivot": [-0.5, 30.31517, -1.10368],
					"cubes": [
						{"origin": [-8.5, 18.31517, -2.10368], "size": [18, 18, 28], "uv": [1238, 1016]}
					]
				},
				{
					"name": "tail_4",
					"parent": "tail_3",
					"pivot": [-0.5, 24.31517, 18.89632],
					"cubes": [
						{"origin": [-16.5, 17.31517, 17.89632], "size": [34, 12, 84], "uv": [1295, 455]},
						{"origin": [-3.5, 20.31517, 18.89632], "size": [8, 9, 23], "pivot": [0.5, 24.31517, 18.89632], "rotation": [-5, 0, 0], "uv": [892, 447]},
						{"origin": [-2.5, 28.31517, 24.79632], "size": [6, 5, 2], "pivot": [0.5, 28.31517, 25.79632], "rotation": [-5, 0, 0], "uv": [712, 247]},
						{"origin": [-9.5, 24.31517, 24.79632], "size": [7, 3, 3], "pivot": [-6.5, 24.31517, 25.79632], "rotation": [-4.69986, 1.70818, 19.9299], "uv": [672, 247]},
						{"origin": [-6.5, 24.71517, 26.79632], "size": [4, 2, 2], "pivot": [-6.5, 24.71517, 27.79632], "rotation": [-4.69986, 1.70818, 19.9299], "uv": [918, 130]},
						{"origin": [-13.5, 26.31517, 25.49632], "size": [7, 2, 2], "pivot": [-10.5, 26.31517, 26.49632], "rotation": [-4.69986, 1.70818, 19.9299], "uv": [558, 151]},
						{"origin": [-1.5, 26.61517, 25.79632], "size": [4, 5, 2], "pivot": [-0.5, 26.61517, 26.79632], "rotation": [-5, 0, 0], "uv": [504, 894]},
						{"origin": [3.5, 24.31517, 24.79632], "size": [7, 3, 3], "pivot": [7.5, 24.31517, 25.79632], "rotation": [-4.69986, -1.70818, -19.9299], "uv": [688, 194]},
						{"origin": [3.7, 23.61517, 26.79632], "size": [4, 2, 2], "pivot": [4.7, 23.61517, 27.79632], "rotation": [-4.69986, -1.70818, -19.9299], "uv": [912, 40]},
						{"origin": [7.8, 26.31517, 25.49632], "size": [7, 2, 2], "pivot": [11.8, 26.31517, 26.49632], "rotation": [-4.69986, -1.70818, -19.9299], "uv": [550, 478]},
						{"origin": [7.8, 25.31517, 35.49632], "size": [7, 2, 2], "pivot": [11.8, 25.31517, 36.49632], "rotation": [-4.69986, -1.70818, -19.9299], "uv": [586, 478]},
						{"origin": [3.5, 23.31517, 34.79632], "size": [7, 3, 3], "pivot": [7.5, 23.31517, 35.79632], "rotation": [-4.69986, -1.70818, -19.9299], "uv": [708, 194]},
						{"origin": [3.7, 22.61517, 36.79632], "size": [4, 2, 2], "pivot": [4.7, 22.61517, 37.79632], "rotation": [-4.69986, -1.70818, -19.9299], "uv": [922, 524]},
						{"origin": [-2.5, 27.31517, 34.79632], "size": [6, 5, 2], "pivot": [0.5, 27.31517, 35.79632], "rotation": [-5, 0, 0], "uv": [504, 877]},
						{"origin": [-1.5, 25.61517, 35.79632], "size": [4, 5, 2], "pivot": [-0.5, 25.61517, 36.79632], "rotation": [-5, 0, 0], "uv": [906, 175]},
						{"origin": [-13.5, 25.31517, 35.49632], "size": [7, 2, 2], "pivot": [-10.5, 25.31517, 36.49632], "rotation": [-4.69986, 1.70818, 19.9299], "uv": [568, 478]},
						{"origin": [-9.5, 23.31517, 34.79632], "size": [7, 3, 3], "pivot": [-6.5, 23.31517, 35.79632], "rotation": [-4.69986, 1.70818, 19.9299], "uv": [692, 247]},
						{"origin": [-6.5, 23.71517, 36.79632], "size": [4, 2, 2], "pivot": [-6.5, 23.71517, 37.79632], "rotation": [-4.69986, 1.70818, 19.9299], "uv": [918, 479]}
					]
				},
				{
					"name": "tail_5",
					"parent": "tail_4",
					"pivot": [-0.5, 24.31517, 39.89632],
					"cubes": [
						{"origin": [-2.5, 19.31517, 39.89632], "size": [6, 7, 23], "pivot": [0.5, 23.31517, 39.89632], "rotation": [2.5, 0, 0], "uv": [760, 695]},
						{"origin": [-1.5, 26.81517, 45.89632], "size": [4, 4, 2], "uv": [910, 524]},
						{"origin": [2.5, 21.81517, 45.89632], "size": [6, 3, 3], "uv": [824, 134]},
						{"origin": [7.5, 22.31517, 46.39632], "size": [5, 2, 2], "uv": [674, 146]},
						{"origin": [-11.5, 22.31517, 46.39632], "size": [5, 2, 2], "uv": [828, 645]},
						{"origin": [-7.5, 21.81517, 45.89632], "size": [6, 3, 3], "uv": [606, 832]},
						{"origin": [-1, 25.61517, 47.49632], "size": [3, 4, 1], "uv": [202, 480]},
						{"origin": [-11.5, 22.31517, 56.39632], "size": [5, 2, 2], "uv": [898, 40]},
						{"origin": [-7.5, 21.81517, 55.89632], "size": [6, 3, 3], "uv": [690, 854]},
						{"origin": [-1.5, 26.81517, 55.89632], "size": [4, 4, 2], "uv": [918, 124]},
						{"origin": [-1, 25.61517, 57.49632], "size": [3, 4, 1], "uv": [682, 631]},
						{"origin": [2.5, 21.81517, 55.89632], "size": [6, 3, 3], "uv": [842, 134]},
						{"origin": [7.5, 22.31517, 56.39632], "size": [5, 2, 2], "uv": [892, 479]}
					]
				},
				{
					"name": "tail_6",
					"parent": "tail_5",
					"pivot": [-0.5, 24.31517, 61.89632],
					"cubes": [
						{"origin": [-1.5, 21.31517, 61.89632], "size": [4, 4, 23], "pivot": [-0.5, 24.31517, 61.89632], "rotation": [2.5, 0, 0], "uv": [1010, 608]}
					]
				},
				{
					"name": "tail_7",
					"parent": "tail_6",
					"pivot": [-0.5, 26.31517, 79.89632],
					"rotation": [-12.5, 0, 0],
					"cubes": [
						{"origin": [-2.5, 22.95879, 79.89727], "size": [6, 5, 22], "pivot": [-0.5, 25.91517, 80.89632], "rotation": [2.5, 0, 0], "uv": [996, 897]},
						{"origin": [-9.5, 23.57689, 79.90203], "size": [8, 4, 16], "pivot": [-1.5, 26.31517, 81.89632], "rotation": [2.5, 0, 0], "uv": [1012, 587]},
						{"origin": [2.5, 23.48965, 79.90013], "size": [8, 4, 16], "pivot": [4.5, 26.31517, 79.89632], "rotation": [2.5, 0, 0], "uv": [1028, 976]},
						{"origin": [5.5, 23.88965, 74.90013], "size": [8, 3, 16], "pivot": [7.5, 26.71517, 74.89632], "rotation": [2.5, 0, 0], "uv": [1030, 470]},
						{"origin": [-13.5, 23.88965, 74.90013], "size": [8, 3, 16], "pivot": [-11.5, 26.71517, 74.89632], "rotation": [2.5, 0, 0], "uv": [1030, 489]}
					]
				},
				{
					"name": "left_leg",
					"parent": "tail_1",
					"pivot": [9, 25.31517, -28.10368],
					"rotation": [50, 0, 0],
					"cubes": [
						{"origin": [4.5, 15.31517, -35.10368], "size": [10, 14, 11], "uv": [0, 1029]}
					]
				},
				{
					"name": "hitbox6",
					"parent": "left_leg",
					"pivot": [9, 25.31517, -28.10368],
					"cubes": [
						{"origin": [2, -21.68483, -38.10368], "size": [15, 49, 20], "uv": [1468, 730]}
					]
				},
				{
					"name": "leg_1",
					"parent": "left_leg",
					"pivot": [9, 17.31517, -30.10368],
					"cubes": [
						{"origin": [5.5, 3.31517, -36.10368], "size": [8, 16, 8], "pivot": [9.5, 19.31517, -32.10368], "rotation": [47.5, 0, 0], "uv": [1042, 228]}
					]
				},
				{
					"name": "leg_2",
					"parent": "leg_1",
					"pivot": [9, 7.31517, -22.10368],
					"rotation": [45, 0, 0],
					"cubes": [
						{"origin": [6.5, -5.68483, -25.10368], "size": [6, 16, 7], "pivot": [8.5, 10.31517, -21.10368], "rotation": [-27.5, 0, 0], "uv": [602, 344]}
					]
				},
				{
					"name": "foot",
					"parent": "leg_2",
					"pivot": [9, -4.47818, -28.49492],
					"rotation": [15, 0, 0],
					"cubes": [
						{"origin": [4.5, -5.47818, -37.49492], "size": [10, 5, 11], "uv": [980, 366]}
					]
				},
				{
					"name": "claw",
					"parent": "foot",
					"pivot": [9, -3.47818, -35.49492],
					"rotation": [2.5, 0, 0],
					"cubes": [
						{"origin": [7.5, -5.47818, -43.49492], "size": [4, 3, 8], "uv": [602, 367]}
					]
				},
				{
					"name": "claw2",
					"parent": "foot",
					"pivot": [9, -3.47818, -35.49492],
					"rotation": [2.5, 0, 0],
					"cubes": [
						{"origin": [11.13645, -5.47818, -41.64551], "size": [3, 3, 6], "pivot": [13, -3.47818, -36.49492], "rotation": [0, -25, 0], "uv": [780, 292]}
					]
				},
				{
					"name": "claw3",
					"parent": "foot",
					"pivot": [9, -3.47818, -35.49492],
					"rotation": [2.5, 0, 0],
					"cubes": [
						{"origin": [3.07624, -5.47818, -42.83892], "size": [3, 3, 6], "pivot": [7, -3.47818, -41.49492], "rotation": [0, 25, 0], "uv": [796, 184]}
					]
				},
				{
					"name": "back_claw",
					"parent": "foot",
					"pivot": [10, -3.47818, -27.49492],
					"rotation": [-30, 0, 0],
					"cubes": [
						{"origin": [8.5, -4.47818, -29.49492], "size": [3, 2, 9], "pivot": [10, -3.47818, -27.49492], "rotation": [-10, 0, 0], "uv": [850, 684]}
					]
				},
				{
					"name": "right_leg",
					"parent": "tail_1",
					"pivot": [-9, 25.31517, -28.10368],
					"rotation": [50, 0, 0],
					"cubes": [
						{"origin": [-14.5, 15.31517, -35.10368], "size": [10, 14, 11], "uv": [1030, 445]}
					]
				},
				{
					"name": "hitbox7",
					"parent": "right_leg",
					"pivot": [-9, 25.31517, -28.10368],
					"cubes": [
						{"origin": [-17, -21.68483, -37.10368], "size": [15, 49, 19], "uv": [1164, 734]}
					]
				},
				{
					"name": "leg_5",
					"parent": "right_leg",
					"pivot": [-9, 17.31517, -30.10368],
					"cubes": [
						{"origin": [-13.5, 3.31517, -36.10368], "size": [8, 16, 8], "pivot": [-9.5, 19.31517, -32.10368], "rotation": [47.5, 0, 0], "uv": [1042, 252]}
					]
				},
				{
					"name": "leg_6",
					"parent": "leg_5",
					"pivot": [-9, 7.31517, -22.10368],
					"rotation": [45, 0, 0],
					"cubes": [
						{"origin": [-12.5, -5.68483, -25.10368], "size": [6, 16, 7], "pivot": [-8.5, 10.31517, -21.10368], "rotation": [-27.5, 0, 0], "uv": [1046, 382]}
					]
				},
				{
					"name": "foot3",
					"parent": "leg_6",
					"pivot": [-9, -4.47818, -28.49492],
					"rotation": [15, 0, 0],
					"cubes": [
						{"origin": [-14.5, -5.47818, -37.49492], "size": [10, 5, 11], "uv": [1010, 635]}
					]
				},
				{
					"name": "claw7",
					"parent": "foot3",
					"pivot": [-9, -3.47818, -35.49492],
					"rotation": [2.5, 0, 0],
					"cubes": [
						{"origin": [-11.5, -5.47818, -43.49492], "size": [4, 3, 8], "uv": [874, 684]},
						{"origin": [-14.13645, -5.47818, -41.64551], "size": [3, 3, 6], "pivot": [-13, -3.47818, -36.49492], "rotation": [0, 25, 0], "uv": [798, 292]},
						{"origin": [-6.07624, -5.47818, -42.83892], "size": [3, 3, 6], "pivot": [-7, -3.47818, -41.49492], "rotation": [0, -25, 0], "uv": [814, 184]}
					]
				},
				{
					"name": "back_claw3",
					"parent": "foot3",
					"pivot": [-10, -3.47818, -27.49492],
					"rotation": [-30, 0, 0],
					"cubes": [
						{"origin": [-11.5, -4.47818, -29.49492], "size": [3, 2, 9], "pivot": [-10, -3.47818, -27.49492], "rotation": [-10, 0, 0], "uv": [944, 213]}
					]
				},
				{
					"name": "neck_1",
					"parent": "dragon",
					"pivot": [0.5, 36.48882, -62.11887],
					"rotation": [10, 0, 0],
					"cubes": [
						{"origin": [-6.5, 26.48882, -72.11887], "size": [14, 18, 16], "uv": [490, 205]},
						{"origin": [-3.5, 44.48882, -67.11887], "size": [8, 7, 3], "uv": [758, 292]},
						{"origin": [-2.5, 44.48882, -64.81887], "size": [6, 5, 2], "uv": [504, 870]}
					]
				},
				{
					"name": "neck_2",
					"parent": "neck_1",
					"pivot": [0.5, 32.48882, -73.11887],
					"cubes": [
						{"origin": [-5.5, 28.48882, -81.11887], "size": [12, 13, 16], "pivot": [0.5, 34.48882, -69.11887], "rotation": [-15, 0, 0], "uv": [518, 978]},
						{"origin": [-2.7, 43.38882, -76.01887], "size": [6, 6, 2], "pivot": [0.3, 43.38882, -75.01887], "rotation": [-15, 0, 0], "uv": [802, 239]},
						{"origin": [-1.7, 43.38882, -74.01887], "size": [4, 4, 1], "pivot": [-0.7, 43.38882, -73.01887], "rotation": [-15, 0, 0], "uv": [202, 454]}
					]
				},
				{
					"name": "neck_3",
					"parent": "neck_2",
					"pivot": [0.5, 36.48882, -81.11887],
					"cubes": [
						{"origin": [-4.5, 32.48882, -90.11887], "size": [10, 10, 13], "pivot": [0.5, 36.48882, -80.11887], "rotation": [-27.5, 0, 0], "uv": [994, 190]},
						{"origin": [-1.5, 44.78882, -84.11887], "size": [4, 5, 2], "pivot": [0.5, 44.78882, -83.11887], "rotation": [-27.5, 0, 0], "uv": [682, 526]},
						{"origin": [-1, 43.78882, -82.61887], "size": [3, 4, 1], "pivot": [0, 43.78882, -81.61887], "rotation": [-27.5, 0, 0], "uv": [202, 475]}
					]
				},
				{
					"name": "neck_4",
					"parent": "neck_3",
					"pivot": [0.5, 40.48882, -87.11887],
					"cubes": [
						{"origin": [-3.5, 37.48882, -94.11887], "size": [8, 8, 10], "pivot": [0.5, 42.48882, -87.11887], "rotation": [-15, 0, 0], "uv": [1042, 276]},
						{"origin": [-1, 46.48882, -90.81887], "size": [3, 4.5, 2], "pivot": [1, 46.48882, -89.81887], "rotation": [-15, 0, 0], "uv": [442, 261]},
						{"origin": [-0.4, 45.88882, -89.01887], "size": [2, 3.5, 1], "pivot": [0.6, 45.88882, -88.01887], "rotation": [-15, 0, 0], "uv": [706, 456]}
					]
				},
				{
					"name": "head",
					"parent": "neck_4",
					"pivot": [0.5, 43.48882, -94.11887],
					"rotation": [-2.5, 0, 0],
					"cubes": [
						{"origin": [-3.5, 38.98882, -99.11887], "size": [8, 3, 5], "uv": [744, 239]},
						{"origin": [4.6, 46.1, -102.1], "size": [3, 1, 4], "pivot": [5.5, 40, -105], "rotation": [14.19021, 21.26349, -28.14797], "uv": [538, 239]},
						{"origin": [-6.6, 46.1, -102.1], "size": [3, 1, 4], "pivot": [-4.5, 40, -105], "rotation": [14.19021, -21.26349, 28.14797], "uv": [590, 200]}
					]
				},
				{
					"name": "hitbox8",
					"parent": "head",
					"pivot": [0.5, 43.48882, -94.11887],
					"cubes": [
						{"origin": [-9.5, 33.48882, -119.11887], "size": [19, 17, 36], "uv": [1362, 637]}
					]
				},
				{
					"name": "upperjaw2",
					"parent": "head",
					"pivot": [0.5, 44.48882, -106.11887],
					"cubes": [
						{"origin": [-3.5, 41.98882, -106.11887], "size": [8, 6, 12], "uv": [1036, 826]}
					]
				},
				{
					"name": "upperjaw",
					"parent": "upperjaw2",
					"pivot": [0.5, 44.48882, -106.11887],
					"rotation": [-12.5, 0, 0]
				},
				{
					"name": "bone11",
					"parent": "upperjaw",
					"pivot": [-1.2, 40.18882, -116.41887],
					"cubes": [
						{"origin": [-3, 41.48882, -117.11887], "size": [7, 4.8, 13], "pivot": [-3, 41.48882, -107.11887], "rotation": [15, 0, 0], "uv": [1028, 996]}
					]
				},
				{
					"name": "bone5",
					"parent": "bone11",
					"pivot": [-1.2, 40.18882, -116.41887],
					"cubes": [
						{"origin": [2.9, 38.98882, -115.11887], "size": [1, 2, 2], "pivot": [2.5, 38.98882, -114.11887], "rotation": [60, 0, 0], "uv": [706, 464]},
						{"origin": [2.9, 39.68882, -112.51887], "size": [1, 2, 2], "pivot": [2.5, 39.68882, -111.51887], "rotation": [60, 0, 0], "uv": [706, 468]},
						{"origin": [-2.9, 41.08882, -107.31887], "size": [1, 2, 2], "pivot": [-1.5, 41.08882, -106.31887], "rotation": [60, 0, 0], "uv": [284, 713]},
						{"origin": [-2.9, 40.38882, -109.91887], "size": [1, 2, 2], "pivot": [-1.5, 40.38882, -108.91887], "rotation": [60, 0, 0], "uv": [716, 302]},
						{"origin": [-2.9, 39.68882, -112.51887], "size": [1, 2, 2], "pivot": [-1.5, 39.68882, -111.51887], "rotation": [60, 0, 0], "uv": [716, 306]},
						{"origin": [-2.9, 38.98882, -115.11887], "size": [1, 2, 2], "pivot": [-1.5, 38.98882, -114.11887], "rotation": [60, 0, 0], "uv": [716, 310]},
						{"origin": [2.9, 41.08882, -107.31887], "size": [1, 2, 2], "pivot": [2.5, 41.08882, -106.31887], "rotation": [60, 0, 0], "uv": [284, 709]},
						{"origin": [2.9, 40.38882, -109.91887], "size": [1, 2, 2], "pivot": [2.5, 40.38882, -108.91887], "rotation": [60, 0, 0], "uv": [706, 472]},
						{"origin": [0.8, 40.18882, -117.41887], "size": [1, 2, 2], "pivot": [0.8, 40.18882, -116.41887], "rotation": [-145, -78, -80], "uv": [706, 460]},
						{"origin": [-1.2, 40.18882, -117.41887], "size": [1, 2, 2], "pivot": [-1.2, 40.18882, -116.41887], "rotation": [-145, -78, -80], "uv": [716, 314]}
					]
				},
				{
					"name": "lowerjaw",
					"parent": "head",
					"pivot": [0.5, 42.08882, -99.11887],
					"rotation": [15.39532, 0.65009, 0.42157],
					"cubes": [
						{"origin": [-3.40188, 39.29574, -106.07615], "size": [8, 3, 7], "uv": [728, 292]},
						{"origin": [-2.40188, 39.30692, -117.45728], "size": [6, 3, 11.5], "pivot": [-0.40188, 40.79574, -106.07615], "rotation": [2.5, 0, 0], "uv": [1030, 508]},
						{"origin": [-2.3, 40.38882, -109.41887], "size": [1, 2, 2], "pivot": [-1.3, 41.18882, -109.41887], "rotation": [47.52717, 1.68868, 1.84373], "uv": [716, 330]},
						{"origin": [-2.3, 40.38882, -112.21887], "size": [1, 2, 2], "pivot": [-1.1, 41.18882, -112.21887], "rotation": [47.52717, 1.68868, 1.84373], "uv": [716, 334]},
						{"origin": [-2.3, 40.28882, -115.11887], "size": [1, 2, 2], "pivot": [-1.3, 41.08882, -115.11887], "rotation": [47.5, 0, 0], "uv": [716, 338]},
						{"origin": [-1.4, 39.48882, -116.11887], "size": [1, 2, 2], "pivot": [-0.4, 40.28882, -116.11887], "rotation": [47.5, -90, 0], "uv": [284, 717]},
						{"origin": [0.2, 39.58882, -116.11887], "size": [1, 2, 2], "pivot": [1.2, 40.38882, -116.11887], "rotation": [47.5, -90, 0], "uv": [284, 721]},
						{"origin": [1.7, 39.48882, -116.11887], "size": [1, 2, 2], "pivot": [2.7, 40.28882, -116.11887], "rotation": [47.5, -90, 0], "uv": [276, 728]},
						{"origin": [2.5, 40.28882, -115.11887], "size": [1, 2, 2], "pivot": [2.5, 41.08882, -115.11887], "rotation": [47.5, 0, 0], "uv": [716, 318]},
						{"origin": [2.5, 40.38882, -112.21887], "size": [1, 2, 2], "pivot": [2.5, 41.18882, -112.21887], "rotation": [47.5, 0, 0], "uv": [716, 322]},
						{"origin": [2.5, 40.38882, -109.41887], "size": [1, 2, 2], "pivot": [2.5, 41.18882, -109.41887], "rotation": [47.5, 0, 0], "uv": [716, 326]}
					]
				},
				{
					"name": "bone4",
					"parent": "lowerjaw",
					"pivot": [-2.60188, 41.89574, -115.87615]
				},
				{
					"name": "bone16",
					"parent": "bone4",
					"pivot": [2.88379, 41.09313, -107.67615],
					"rotation": [0, 0, 20],
					"cubes": [
						{"origin": [2.78379, 40.50431, -106.75728], "size": [1.25, 4.5, 1.5], "uv": [398, 550]},
						{"origin": [2.88379, 43.60431, -106.55728], "size": [1, 5, 1], "uv": [212, 402]}
					]
				},
				{
					"name": "bone7",
					"parent": "bone4",
					"pivot": [-2.60188, 41.19574, -107.67615],
					"rotation": [0, 0, -20],
					"cubes": [
						{"origin": [-2.75188, 40.60692, -106.75728], "size": [1.25, 4.5, 1.5], "uv": [198, 549]},
						{"origin": [-2.60188, 43.70692, -106.55728], "size": [1, 5, 1], "uv": [212, 396]}
					]
				},
				{
					"name": "horn",
					"parent": "head",
					"pivot": [-3.5, 46.23882, -91.11887]
				},
				{
					"name": "lower_right_horn2",
					"parent": "horn",
					"pivot": [-3.70631, 41.99398, -93.23787],
					"rotation": [-87.65839, 25.93312, 169.70421]
				},
				{
					"name": "bone12",
					"parent": "lower_right_horn2",
					"pivot": [-2.95631, 45.24398, -89.73787],
					"rotation": [0, 7.5, 0],
					"cubes": [
						{"origin": [-5.7, 37.24398, -96.23787], "size": [4, 4, 4], "uv": [770, 239]}
					]
				},
				{
					"name": "bone13",
					"parent": "bone12",
					"pivot": [-2.71108, 45.24398, -90.17361],
					"rotation": [0, 7.5, 0],
					"cubes": [
						{"origin": [-5.2, 40.24398, -95.42361], "size": [3.5, 3.5, 3.5], "pivot": [-3.46108, 41.99398, -93.67361], "rotation": [-20, 0, 0], "uv": [886, 524]}
					]
				},
				{
					"name": "bone14",
					"parent": "bone13",
					"pivot": [-2.31451, 46.31821, -90.41604],
					"rotation": [10.08453, 7.38542, 1.30962],
					"cubes": [
						{"origin": [-4.7, 43.31821, -93.91604], "size": [3, 5, 3], "pivot": [-3.56451, 44.81821, -92.41604], "rotation": [-40, 0, 0], "uv": [882, 175]}
					]
				},
				{
					"name": "bone15",
					"parent": "bone14",
					"pivot": [-2.31451, 46.31821, -90.41604],
					"cubes": [
						{"origin": [-4, 46.31821, -92.41604], "size": [2.3, 6.5, 2.3], "pivot": [-2.31451, 46.31821, -90.41604], "rotation": [-52.86187, -1.41958, -10.49692], "uv": [442, 245]}
					]
				},
				{
					"name": "upper_left_horn",
					"parent": "horn",
					"pivot": [1.45, 45, -96.95],
					"rotation": [-103.92942, 39.40436, -75.54382],
					"cubes": [
						{"origin": [-0.5, 45, -98], "size": [4, 6, 4], "pivot": [2.5, 45, -97], "rotation": [0, 0, -5], "uv": [828, 635]}
					]
				},
				{
					"name": "bone3",
					"parent": "upper_left_horn",
					"pivot": [1.15257, 51.03782, -95.96013],
					"rotation": [14.87739, -1.93597, 7.24721],
					"cubes": [
						{"origin": [-0.54743, 50.03782, -97.76013], "size": [3.5, 7, 3.5], "pivot": [1.95257, 50.03782, -96.76013], "rotation": [-10, 0, 0], "uv": [150, 879]}
					]
				},
				{
					"name": "bone2",
					"parent": "bone3",
					"pivot": [1.13765, 55.61764, -95.05282],
					"rotation": [-23.76765, 7.52076, 18.58597],
					"cubes": [
						{"origin": [-0.36235, 55.61764, -96.65282], "size": [3, 7.5, 3], "uv": [504, 884]}
					]
				},
				{
					"name": "bone",
					"parent": "bone2",
					"pivot": [1.13765, 62.61764, -95.05282],
					"cubes": [
						{"origin": [0.13765, 62.61764, -96.05282], "size": [2, 8.5, 2], "pivot": [1.13765, 62.61764, -95.05282], "rotation": [10, 0, -20], "uv": [228, 288]}
					]
				},
				{
					"name": "upper_right_horn",
					"parent": "horn",
					"pivot": [-0.45, 45, -96.95],
					"rotation": [-103.92942, -39.40436, 75.54382],
					"cubes": [
						{"origin": [-2.5, 45, -98], "size": [4, 6, 4], "pivot": [-1.5, 45, -97], "rotation": [0, 0, 5], "uv": [504, 860]}
					]
				},
				{
					"name": "bone8",
					"parent": "upper_right_horn",
					"pivot": [-0.15257, 51.03782, -95.96013],
					"rotation": [14.87739, 1.93597, -7.24721],
					"cubes": [
						{"origin": [-1.95257, 50.03782, -97.76013], "size": [3.5, 7, 3.5], "pivot": [-0.95257, 50.03782, -96.76013], "rotation": [-10, 0, 0], "uv": [888, 226]}
					]
				},
				{
					"name": "bone9",
					"parent": "bone8",
					"pivot": [-0.13765, 55.61764, -95.05282],
					"rotation": [-23.76765, -7.52076, -18.58597],
					"cubes": [
						{"origin": [-1.63765, 55.61764, -96.65282], "size": [3, 7.5, 3], "uv": [150, 889]}
					]
				},
				{
					"name": "bone10",
					"parent": "bone9",
					"pivot": [-0.13765, 62.61764, -95.05282],
					"cubes": [
						{"origin": [-1.13765, 62.61764, -96.05282], "size": [2, 8.5, 2], "pivot": [-0.13765, 62.61764, -95.05282], "rotation": [10, 0, 20], "uv": [228, 298]}
					]
				},
				{
					"name": "lower_left_horn2",
					"parent": "horn",
					"pivot": [9.90631, 42.99398, -92.13787],
					"rotation": [-87.65839, -25.93312, -169.70421]
				},
				{
					"name": "bone17",
					"parent": "lower_left_horn2",
					"pivot": [13.15631, 43.24398, -90.63787],
					"rotation": [0, -7.5, 0],
					"cubes": [
						{"origin": [11.90631, 35.24398, -97.13787], "size": [4, 4, 4], "uv": [786, 239]}
					]
				},
				{
					"name": "bone18",
					"parent": "bone17",
					"pivot": [12.91108, 43.24398, -91.07361],
					"rotation": [0, -7.5, 0],
					"cubes": [
						{"origin": [11.91108, 38.24398, -96.32361], "size": [3.5, 3.5, 3.5], "pivot": [13.66108, 39.99398, -94.57361], "rotation": [-20, 0, 0], "uv": [898, 524]}
					]
				},
				{
					"name": "bone19",
					"parent": "bone18",
					"pivot": [12.51451, 44.31821, -91.31604],
					"rotation": [10.08453, -7.38542, -1.30962],
					"cubes": [
						{"origin": [11.76451, 41.31821, -94.81604], "size": [3, 5, 3], "pivot": [13.76451, 42.81821, -93.31604], "rotation": [-40, 0, 0], "uv": [894, 124]}
					]
				},
				{
					"name": "bone20",
					"parent": "bone19",
					"pivot": [12.51451, 44.31821, -91.31604],
					"cubes": [
						{"origin": [11.86451, 44.31821, -93.31604], "size": [2.3, 6.5, 2.3], "pivot": [12.51451, 44.31821, -91.31604], "rotation": [-52.86187, 1.41958, 10.49692], "uv": [442, 253]}
					]
				},
				{
					"name": "left_wing",
					"parent": "dragon",
					"pivot": [9, 43, -46.5],
					"cubes": [
						{"origin": [4.5, 43, -54], "size": [6, 16, 6], "pivot": [8, 43, -51.5], "rotation": [-17.5, 0, 52.5], "uv": [636, 772]}
					]
				},
				{
					"name": "hitbox9",
					"parent": "left_wing",
					"pivot": [6, 43, -46.5],
					"cubes": [
						{"origin": [5, 35, -79.5], "size": [149, 38, 58], "uv": [1282, 39]}
					]
				},
				{
					"name": "wing_4",
					"parent": "left_wing",
					"pivot": [19.01508, 52.4, -44.83407],
					"rotation": [0, 0, -27.5],
					"cubes": [
						{"origin": [14.5, 51, -48], "size": [4, 52, 5], "pivot": [17, 51, -46.5], "rotation": [30, 0, 90], "uv": [404, 979]},
						{"origin": [18.5, 52, -48.995], "size": [3, 21, 3], "pivot": [20, 52, -47.5], "rotation": [-90, 0, 0], "uv": [216, 288]}
					]
				},
				{
					"name": "leafwing2",
					"parent": "wing_4",
					"pivot": [60.01508, 51.4, -68.83407],
					"cubes": [
						{"origin": [59.01508, 51.4, -68.83407], "size": [1, 1, 41], "uv": [632, 302]},
						{"origin": [58.01508, 51.4, -69.83407], "size": [1, 1, 41], "uv": [786, 530]},
						{"origin": [57.01508, 51.4, -69.83407], "size": [1, 1, 41], "uv": [522, 817]},
						{"origin": [56.01508, 51.4, -69.83407], "size": [1, 1, 40], "uv": [340, 860]},
						{"origin": [55.01508, 51.4, -69.83407], "size": [1, 1, 41], "uv": [818, 239]},
						{"origin": [54.01508, 51.4, -68.83407], "size": [1, 1, 39], "uv": [552, 254]},
						{"origin": [53.01508, 51.4, -67.83407], "size": [1, 1, 37], "uv": [630, 440]},
						{"origin": [52.01508, 51.4, -67.83407], "size": [1, 1, 37], "uv": [902, 659]},
						{"origin": [51.01508, 51.4, -66.83407], "size": [1, 1, 37], "uv": [902, 697]},
						{"origin": [50.01508, 51.4, -65.83407], "size": [1, 1, 37], "uv": [902, 735]},
						{"origin": [49.01508, 51.4, -65.83407], "size": [1, 1, 35], "uv": [956, 977]},
						{"origin": [48.01508, 51.4, -64.83407], "size": [1, 1, 35], "uv": [978, 0]},
						{"origin": [47.01508, 51.4, -64.83407], "size": [1, 1, 35], "uv": [446, 978]},
						{"origin": [46.01508, 51.4, -63.83407], "size": [1, 1, 33], "uv": [534, 344]},
						{"origin": [45.01508, 51.4, -62.83407], "size": [1, 1, 30], "uv": [342, 979]},
						{"origin": [44.01508, 51.4, -62.83407], "size": [1, 1, 29], "uv": [980, 306]},
						{"origin": [43.01508, 51.4, -60.83407], "size": [1, 1, 27], "uv": [972, 419]},
						{"origin": [42.01508, 51.4, -61.83407], "size": [1, 1, 27], "uv": [980, 760]},
						{"origin": [41.01508, 51.4, -60.83407], "size": [1, 1, 26], "uv": [446, 941]},
						{"origin": [40.01508, 51.4, -59.83407], "size": [1, 1, 26], "uv": [996, 924]},
						{"origin": [39.01508, 51.4, -57.83407], "size": [1, 1, 21], "uv": [486, 1034]},
						{"origin": [38.01508, 51.4, -58.83407], "size": [1, 1, 23], "uv": [1012, 869]},
						{"origin": [37.01508, 51.4, -56.83407], "size": [1, 1, 22], "uv": [956, 1013]},
						{"origin": [36.01508, 51.4, -54.83407], "size": [1, 1, 20], "uv": [530, 1034]},
						{"origin": [35.01508, 51.4, -55.83407], "size": [1, 1, 22], "uv": [1002, 1013]},
						{"origin": [34.01508, 51.4, -54.83407], "size": [1, 1, 22], "uv": [440, 1014]},
						{"origin": [33.01508, 51.4, -54.83407], "size": [1, 1, 23], "uv": [128, 1013]},
						{"origin": [32.01508, 51.4, -52.83407], "size": [1, 1, 18], "uv": [828, 1037]},
						{"origin": [31.01508, 51.4, -53.83407], "size": [1, 1, 22], "uv": [630, 1014]},
						{"origin": [30.01508, 51.4, -50.83407], "size": [1, 1, 18], "uv": [866, 1037]},
						{"origin": [29.01508, 51.4, -50.83407], "size": [1, 1, 21], "uv": [272, 1036]},
						{"origin": [28.01508, 51.4, -51.83407], "size": [1, 1, 22], "uv": [676, 1014]},
						{"origin": [27.01508, 51.4, -50.83407], "size": [1, 1, 20], "uv": [100, 1037]},
						{"origin": [26.01508, 51.4, -50.83407], "size": [1, 1, 20], "uv": [142, 1037]},
						{"origin": [25.01508, 51.4, -49.83407], "size": [1, 1, 18], "uv": [904, 1037]},
						{"origin": [24.01508, 51.4, -49.83407], "size": [1, 1, 19], "uv": [668, 1037]},
						{"origin": [23.01508, 51.4, -47.83407], "size": [1, 1, 18], "uv": [1040, 190]},
						{"origin": [22.01508, 51.4, -47.83407], "size": [1, 1, 20], "uv": [184, 1037]},
						{"origin": [21.01508, 51.4, -47.83407], "size": [1, 1, 22], "uv": [722, 1014]}
					]
				},
				{
					"name": "wing_3",
					"parent": "wing_4",
					"pivot": [60.01508, 52, -68.83407],
					"rotation": [0, 0, 37.5],
					"cubes": [
						{"origin": [58.5, 50, -72], "size": [3, 45, 3], "pivot": [61.5, 50, -70.5], "rotation": [12.5, 0, 90], "uv": [416, 434]},
						{"origin": [59.5, 50, -72.995], "size": [3, 45, 3], "pivot": [60, 50, -70.5], "rotation": [-90, 0, 0], "uv": [402, 485]}
					]
				},
				{
					"name": "leafwing",
					"parent": "wing_3",
					"pivot": [101.01508, 51, -77.83407],
					"cubes": [
						{"origin": [100.01508, 51, -78.83407], "size": [1, 1, 51], "uv": [414, 51]},
						{"origin": [99.01508, 51, -78.83407], "size": [1, 1, 50], "uv": [428, 381]},
						{"origin": [98.01508, 51, -78.83407], "size": [1, 1, 49], "uv": [102, 449]},
						{"origin": [97.01508, 51, -78.83407], "size": [1, 1, 45], "uv": [94, 693]},
						{"origin": [96.01508, 51, -78.83407], "size": [1, 1, 47], "uv": [98, 598]},
						{"origin": [95.01508, 51, -77.83407], "size": [1, 1, 45], "uv": [0, 694]},
						{"origin": [94.01508, 51, -77.83407], "size": [1, 1, 43], "uv": [182, 773]},
						{"origin": [93.01508, 51, -77.83407], "size": [1, 1, 44], "uv": [284, 727]},
						{"origin": [92.01508, 51, -77.83407], "size": [1, 1, 42], "uv": [178, 817]},
						{"origin": [91.01508, 51, -77.83407], "size": [1, 1, 43], "uv": [778, 140]},
						{"origin": [90.01508, 51, -77.83407], "size": [1, 1, 41], "uv": [818, 281]},
						{"origin": [89.01508, 51, -77.83407], "size": [1, 1, 39], "uv": [870, 530]},
						{"origin": [88.01508, 51, -76.83407], "size": [1, 1, 40], "uv": [422, 860]},
						{"origin": [87.01508, 51, -75.83407], "size": [1, 1, 37], "uv": [918, 175]},
						{"origin": [86.01508, 51, -75.83407], "size": [1, 1, 41], "uv": [818, 323]},
						{"origin": [85.01508, 51, -75.83407], "size": [1, 1, 38], "uv": [500, 901]},
						{"origin": [84.01508, 51, -75.83407], "size": [1, 1, 36], "uv": [414, 155]},
						{"origin": [83.01508, 51, -74.83407], "size": [1, 1, 39], "uv": [874, 484]},
						{"origin": [82.01508, 51, -74.83407], "size": [1, 1, 41], "uv": [818, 365]},
						{"origin": [81.01508, 51, -74.83407], "size": [1, 1, 37], "uv": [578, 920]},
						{"origin": [80.01508, 51, -74.83407], "size": [1, 1, 38], "uv": [686, 901]},
						{"origin": [79.01508, 51, -73.83407], "size": [1, 1, 36], "uv": [712, 486]},
						{"origin": [78.01508, 51, -74.83407], "size": [1, 1, 35], "uv": [650, 978]},
						{"origin": [77.01508, 51, -73.83407], "size": [1, 1, 37], "uv": [920, 901]},
						{"origin": [76.01508, 51, -73.83407], "size": [1, 1, 36], "uv": [818, 779]},
						{"origin": [75.01508, 51, -74.83407], "size": [1, 1, 36], "uv": [576, 958]},
						{"origin": [74.01508, 51, -73.83407], "size": [1, 1, 37], "uv": [66, 927]},
						{"origin": [73.01508, 51, -72.83407], "size": [1, 1, 38], "uv": [764, 901]},
						{"origin": [72.01508, 51, -72.83407], "size": [1, 1, 37], "uv": [934, 614]},
						{"origin": [71.01508, 51, -72.83407], "size": [1, 1, 37], "uv": [936, 570]},
						{"origin": [70.01508, 51, -72.83407], "size": [1, 1, 38], "uv": [842, 901]},
						{"origin": [69.01508, 51, -71.83407], "size": [1, 1, 40], "uv": [690, 860]},
						{"origin": [68.01508, 51, -72.83407], "size": [1, 1, 39], "uv": [606, 880]},
						{"origin": [67.01508, 51, -71.83407], "size": [1, 1, 39], "uv": [892, 407]},
						{"origin": [66.01508, 51, -71.83407], "size": [1, 1, 41], "uv": [818, 695]},
						{"origin": [65.01508, 51, -70.83407], "size": [1, 1, 41], "uv": [818, 737]},
						{"origin": [64.01508, 51, -70.83407], "size": [1, 1, 39], "uv": [894, 44]},
						{"origin": [63.01508, 51, -71.83407], "size": [1, 1, 43], "uv": [90, 784]},
						{"origin": [62.01508, 51, -70.83407], "size": [1, 1, 44], "uv": [186, 728]}
					]
				},
				{
					"name": "wing_2",
					"parent": "wing_3",
					"pivot": [101.5, 51, -78],
					"rotation": [0, 0, 22.5],
					"cubes": [
						{"origin": [101, 50, -80.995], "size": [2.5, 54, 2.5], "pivot": [101, 50, -78.5], "rotation": [-90, 0, 0], "uv": [66, 871]},
						{"origin": [101, 50, -79.995], "size": [2.5, 43, 2.5], "pivot": [103.5, 50, -78.5], "rotation": [-2.5, 0, 90], "uv": [384, 633]}
					]
				},
				{
					"name": "leafwing3",
					"parent": "wing_2",
					"pivot": [143.01508, 51, -74.83407],
					"cubes": [
						{"origin": [142.01508, 51, -77.83407], "size": [1, 1, 53], "uv": [0, 288]},
						{"origin": [141.01508, 51, -77.83407], "size": [1, 1, 53], "uv": [108, 288]},
						{"origin": [140.01508, 51, -77.83407], "size": [1, 1, 52], "uv": [346, 274]},
						{"origin": [139.01508, 51, -77.83407], "size": [1, 1, 50], "uv": [432, 327]},
						{"origin": [138.01508, 51, -77.83407], "size": [1, 1, 49], "uv": [452, 245]},
						{"origin": [137.01508, 51, -76.83407], "size": [1, 1, 48], "uv": [402, 533]},
						{"origin": [136.01508, 51, -76.83407], "size": [1, 1, 47], "uv": [598, 533]},
						{"origin": [135.01508, 51, -76.83407], "size": [1, 1, 48], "uv": [500, 533]},
						{"origin": [134.01508, 51, -76.83407], "size": [1, 1, 49], "uv": [416, 483]},
						{"origin": [133.01508, 51, -76.83407], "size": [1, 1, 47], "uv": [0, 599]},
						{"origin": [132.01508, 51, -76.83407], "size": [1, 1, 48], "uv": [534, 295]},
						{"origin": [131.01508, 51, -76.83407], "size": [1, 1, 46], "uv": [290, 633]},
						{"origin": [130.01508, 51, -77.83407], "size": [1, 1, 48], "uv": [202, 535]},
						{"origin": [129.01508, 51, -77.83407], "size": [1, 1, 49], "uv": [202, 485]},
						{"origin": [128.01508, 51, -77.83407], "size": [1, 1, 47], "uv": [616, 478]},
						{"origin": [127.01508, 51, -77.83407], "size": [1, 1, 50], "uv": [428, 432]},
						{"origin": [126.01508, 51, -77.83407], "size": [1, 1, 49], "uv": [302, 485]},
						{"origin": [125.01508, 51, -77.83407], "size": [1, 1, 48], "uv": [300, 535]},
						{"origin": [124.01508, 51, -77.83407], "size": [1, 1, 45], "uv": [694, 526]},
						{"origin": [123.01508, 51, -77.83407], "size": [1, 1, 46], "uv": [96, 646]},
						{"origin": [122.01508, 51, -76.83407], "size": [1, 1, 46], "uv": [0, 647]},
						{"origin": [121.01508, 51, -76.83407], "size": [1, 1, 44], "uv": [728, 247]},
						{"origin": [120.01508, 51, -76.83407], "size": [1, 1, 43], "uv": [0, 785]},
						{"origin": [119.01508, 51, -77.83407], "size": [1, 1, 46], "uv": [650, 200]},
						{"origin": [118.01508, 51, -77.83407], "size": [1, 1, 45], "uv": [712, 440]},
						{"origin": [117.01508, 51, -77.83407], "size": [1, 1, 44], "uv": [728, 726]},
						{"origin": [116.01508, 51, -77.83407], "size": [1, 1, 42], "uv": [264, 817]},
						{"origin": [115.01508, 51, -78.83407], "size": [1, 1, 44], "uv": [92, 739]},
						{"origin": [114.01508, 51, -78.83407], "size": [1, 1, 45], "uv": [714, 48]},
						{"origin": [113.01508, 51, -77.83407], "size": [1, 1, 44], "uv": [0, 740]},
						{"origin": [112.01508, 51, -77.83407], "size": [1, 1, 43], "uv": [786, 486]},
						{"origin": [111.01508, 51, -77.83407], "size": [1, 1, 45], "uv": [714, 94]},
						{"origin": [110.01508, 51, -78.83407], "size": [1, 1, 47], "uv": [618, 50]},
						{"origin": [109.01508, 51, -77.83407], "size": [1, 1, 47], "uv": [618, 98]},
						{"origin": [108.01508, 51, -77.83407], "size": [1, 1, 47], "uv": [622, 0]},
						{"origin": [107.01508, 51, -77.83407], "size": [1, 1, 49], "uv": [490, 155]},
						{"origin": [106.01508, 51, -77.83407], "size": [1, 1, 48], "uv": [100, 549]},
						{"origin": [105.01508, 51, -77.83407], "size": [1, 1, 49], "uv": [102, 499]},
						{"origin": [104.01508, 51, -78.83407], "size": [1, 1, 52], "uv": [216, 381]},
						{"origin": [103.01508, 51, -78.83407], "size": [1, 1, 53], "uv": [216, 327]}
					]
				},
				{
					"name": "wing_1",
					"parent": "wing_2",
					"pivot": [143.5, 51, -74],
					"rotation": [0, 0, 12.5],
					"cubes": [
						{"origin": [143.55, 51, -79.19], "size": [2.25, 43, 2.25], "pivot": [145.8, 51, -77.7], "rotation": [-90, 52.5, 0], "uv": [374, 727]},
						{"origin": [141.25, 50, -78.995], "size": [2.25, 54, 2.25], "pivot": [143.5, 50, -77.5], "rotation": [-90, 0, 90], "uv": [74, 871]}
					]
				},
				{
					"name": "leafwing4",
					"parent": "wing_1",
					"pivot": [143.5, 51, -74],
					"cubes": [
						{"origin": [176.01508, 51, -51.83407], "size": [1, 1, 4], "uv": [442, 267]},
						{"origin": [175.01508, 51, -52.83407], "size": [1, 1, 5], "uv": [624, 832]},
						{"origin": [174.01508, 51, -53.83407], "size": [1, 1, 9], "uv": [216, 312]},
						{"origin": [173.01508, 51, -53.83407], "size": [1, 1, 8], "uv": [740, 670]},
						{"origin": [172.01508, 51, -54.83407], "size": [1, 1, 12], "uv": [862, 226]},
						{"origin": [171.01508, 51, -55.83407], "size": [1, 1, 14], "uv": [606, 817]},
						{"origin": [170.01508, 51, -56.83407], "size": [1, 1, 15], "uv": [690, 838]},
						{"origin": [169.01508, 51, -56.83407], "size": [1, 1, 13], "uv": [1046, 405]},
						{"origin": [168.01508, 51, -58.83407], "size": [1, 1, 14], "uv": [1046, 951]},
						{"origin": [167.01508, 51, -59.83407], "size": [1, 1, 18], "uv": [1040, 306]},
						{"origin": [166.01508, 51, -59.83407], "size": [1, 1, 19], "uv": [708, 1037]},
						{"origin": [165.01508, 51, -60.83407], "size": [1, 1, 21], "uv": [396, 1036]},
						{"origin": [163.01508, 51, -62.83407], "size": [1, 1, 24], "uv": [850, 659]},
						{"origin": [164.01508, 51, -61.83407], "size": [1, 1, 22], "uv": [768, 1014]},
						{"origin": [162.01508, 51, -62.83407], "size": [1, 1, 21], "uv": [1036, 760]},
						{"origin": [161.01508, 51, -64.83407], "size": [1, 1, 24], "uv": [902, 382]},
						{"origin": [160.01508, 51, -63.83407], "size": [1, 1, 24], "uv": [996, 951]},
						{"origin": [159.01508, 51, -65.83407], "size": [1, 1, 26], "uv": [74, 999]},
						{"origin": [158.01508, 51, -65.83407], "size": [1, 1, 27], "uv": [980, 788]},
						{"origin": [157.01508, 51, -67.83407], "size": [1, 1, 30], "uv": [980, 213]},
						{"origin": [156.01508, 51, -67.83407], "size": [1, 1, 31], "uv": [452, 295]},
						{"origin": [155.01508, 51, -67.83407], "size": [1, 1, 28], "uv": [384, 245]},
						{"origin": [154.01508, 51, -69.83407], "size": [1, 1, 33], "uv": [74, 965]},
						{"origin": [153.01508, 51, -69.83407], "size": [1, 1, 32], "uv": [762, 617]},
						{"origin": [152.01508, 51, -71.83407], "size": [1, 1, 37], "uv": [936, 859]},
						{"origin": [151.01508, 51, -72.83407], "size": [1, 1, 38], "uv": [150, 902]},
						{"origin": [150.01508, 51, -72.83407], "size": [1, 1, 37], "uv": [920, 939]},
						{"origin": [149.01508, 51, -73.83407], "size": [1, 1, 44], "uv": [744, 194]},
						{"origin": [148.01508, 51, -73.83407], "size": [1, 1, 43], "uv": [636, 794]},
						{"origin": [147.01508, 51, -75.83407], "size": [1, 1, 46], "uv": [384, 679]},
						{"origin": [146.01508, 51, -75.83407], "size": [1, 1, 48], "uv": [0, 550]},
						{"origin": [145.01508, 51, -76.83407], "size": [1, 1, 52], "uv": [322, 381]}
					]
				},
				{
					"name": "right_wing",
					"parent": "dragon",
					"pivot": [-8, 43, -46.5],
					"cubes": [
						{"origin": [-9.5, 43, -54], "size": [6, 16, 6], "pivot": [-7, 43, -51.5], "rotation": [-17.5, 0, -52.5], "uv": [572, 1046]}
					]
				},
				{
					"name": "hitbox10",
					"parent": "right_wing",
					"pivot": [-6, 43, -46.5],
					"cubes": [
						{"origin": [-154, 35, -79.5], "size": [149, 38, 58], "uv": [1452, 196]}
					]
				},
				{
					"name": "wing_9",
					"parent": "right_wing",
					"pivot": [-18.01508, 52.4, -44.83407],
					"rotation": [0, 0, 27.5],
					"cubes": [
						{"origin": [-17.5, 51, -48], "size": [4, 52, 5], "pivot": [-16, 51, -46.5], "rotation": [30, 0, -90], "uv": [422, 979]},
						{"origin": [-20.5, 52, -48.995], "size": [3, 21, 3], "pivot": [-19, 52, -47.5], "rotation": [-90, 0, 0], "uv": [516, 295]}
					]
				},
				{
					"name": "leafwing9",
					"parent": "wing_9",
					"pivot": [-59.01508, 51.4, -68.83407],
					"cubes": [
						{"origin": [-59.01508, 51.4, -68.83407], "size": [1, 1, 41], "uv": [88, 828]},
						{"origin": [-58.01508, 51.4, -69.83407], "size": [1, 1, 41], "uv": [0, 829]},
						{"origin": [-57.01508, 51.4, -69.83407], "size": [1, 1, 41], "uv": [834, 184]},
						{"origin": [-56.01508, 51.4, -69.83407], "size": [1, 1, 40], "uv": [772, 860]},
						{"origin": [-55.01508, 51.4, -69.83407], "size": [1, 1, 41], "uv": [606, 838]},
						{"origin": [-54.01508, 51.4, -68.83407], "size": [1, 1, 39], "uv": [894, 84]},
						{"origin": [-53.01508, 51.4, -67.83407], "size": [1, 1, 37], "uv": [500, 940]},
						{"origin": [-52.01508, 51.4, -67.83407], "size": [1, 1, 37], "uv": [654, 940]},
						{"origin": [-51.01508, 51.4, -66.83407], "size": [1, 1, 37], "uv": [730, 940]},
						{"origin": [-50.01508, 51.4, -65.83407], "size": [1, 1, 37], "uv": [806, 940]},
						{"origin": [-49.01508, 51.4, -65.83407], "size": [1, 1, 35], "uv": [978, 652]},
						{"origin": [-48.01508, 51.4, -64.83407], "size": [1, 1, 35], "uv": [978, 688]},
						{"origin": [-47.01508, 51.4, -64.83407], "size": [1, 1, 35], "uv": [722, 978]},
						{"origin": [-46.01508, 51.4, -63.83407], "size": [1, 1, 33], "uv": [142, 979]},
						{"origin": [-45.01508, 51.4, -62.83407], "size": [1, 1, 30], "uv": [980, 244]},
						{"origin": [-44.01508, 51.4, -62.83407], "size": [1, 1, 29], "uv": [980, 336]},
						{"origin": [-43.01508, 51.4, -60.83407], "size": [1, 1, 27], "uv": [980, 816]},
						{"origin": [-42.01508, 51.4, -61.83407], "size": [1, 1, 27], "uv": [994, 162]},
						{"origin": [-41.01508, 51.4, -60.83407], "size": [1, 1, 26], "uv": [0, 1002]},
						{"origin": [-40.01508, 51.4, -59.83407], "size": [1, 1, 26], "uv": [518, 1007]},
						{"origin": [-39.01508, 51.4, -57.83407], "size": [1, 1, 21], "uv": [1036, 782]},
						{"origin": [-38.01508, 51.4, -58.83407], "size": [1, 1, 23], "uv": [176, 1013]},
						{"origin": [-37.01508, 51.4, -56.83407], "size": [1, 1, 22], "uv": [814, 1014]},
						{"origin": [-36.01508, 51.4, -54.83407], "size": [1, 1, 20], "uv": [226, 1037]},
						{"origin": [-35.01508, 51.4, -55.83407], "size": [1, 1, 22], "uv": [860, 1014]},
						{"origin": [-34.01508, 51.4, -54.83407], "size": [1, 1, 22], "uv": [906, 1014]},
						{"origin": [-33.01508, 51.4, -54.83407], "size": [1, 1, 23], "uv": [224, 1013]},
						{"origin": [-32.01508, 51.4, -52.83407], "size": [1, 1, 18], "uv": [1040, 325]},
						{"origin": [-31.01508, 51.4, -53.83407], "size": [1, 1, 22], "uv": [572, 1023]},
						{"origin": [-30.01508, 51.4, -50.83407], "size": [1, 1, 18], "uv": [1040, 344]},
						{"origin": [-29.01508, 51.4, -50.83407], "size": [1, 1, 21], "uv": [1036, 804]},
						{"origin": [-28.01508, 51.4, -51.83407], "size": [1, 1, 22], "uv": [1024, 114]},
						{"origin": [-27.01508, 51.4, -50.83407], "size": [1, 1, 20], "uv": [336, 1037]},
						{"origin": [-26.01508, 51.4, -50.83407], "size": [1, 1, 20], "uv": [440, 1037]},
						{"origin": [-25.01508, 51.4, -49.83407], "size": [1, 1, 18], "uv": [1040, 363]},
						{"origin": [-24.01508, 51.4, -49.83407], "size": [1, 1, 19], "uv": [748, 1037]},
						{"origin": [-23.01508, 51.4, -47.83407], "size": [1, 1, 18], "uv": [1040, 1036]},
						{"origin": [-22.01508, 51.4, -47.83407], "size": [1, 1, 20], "uv": [626, 1037]},
						{"origin": [-21.01508, 51.4, -47.83407], "size": [1, 1, 22], "uv": [1024, 137]}
					]
				},
				{
					"name": "wing_10",
					"parent": "wing_9",
					"pivot": [-59.01508, 52, -68.83407],
					"rotation": [0, 0, -37.5],
					"cubes": [
						{"origin": [-60.5, 50, -72], "size": [3, 45, 3], "pivot": [-60.5, 50, -70.5], "rotation": [12.5, 0, -90], "uv": [42, 1029]},
						{"origin": [-61.5, 50, -72.995], "size": [3, 45, 3], "pivot": [-59, 50, -70.5], "rotation": [-90, 0, 0], "uv": [316, 1036]}
					]
				},
				{
					"name": "leafwing10",
					"parent": "wing_10",
					"pivot": [-100.01508, 51, -77.83407],
					"cubes": [
						{"origin": [-100.01508, 51, -78.83407], "size": [1, 1, 51], "uv": [414, 103]},
						{"origin": [-99.01508, 51, -78.83407], "size": [1, 1, 50], "uv": [212, 434]},
						{"origin": [-98.01508, 51, -78.83407], "size": [1, 1, 49], "uv": [0, 500]},
						{"origin": [-97.01508, 51, -78.83407], "size": [1, 1, 45], "uv": [718, 0]},
						{"origin": [-96.01508, 51, -78.83407], "size": [1, 1, 47], "uv": [630, 344]},
						{"origin": [-95.01508, 51, -77.83407], "size": [1, 1, 45], "uv": [726, 302]},
						{"origin": [-94.01508, 51, -77.83407], "size": [1, 1, 43], "uv": [804, 440]},
						{"origin": [-93.01508, 51, -77.83407], "size": [1, 1, 44], "uv": [760, 650]},
						{"origin": [-92.01508, 51, -77.83407], "size": [1, 1, 42], "uv": [350, 817]},
						{"origin": [-91.01508, 51, -77.83407], "size": [1, 1, 43], "uv": [806, 46]},
						{"origin": [-90.01508, 51, -77.83407], "size": [1, 1, 41], "uv": [850, 617]},
						{"origin": [-89.01508, 51, -77.83407], "size": [1, 1, 39], "uv": [898, 0]},
						{"origin": [-88.01508, 51, -76.83407], "size": [1, 1, 40], "uv": [854, 860]},
						{"origin": [-87.01508, 51, -75.83407], "size": [1, 1, 37], "uv": [142, 941]},
						{"origin": [-86.01508, 51, -75.83407], "size": [1, 1, 41], "uv": [852, 572]},
						{"origin": [-85.01508, 51, -75.83407], "size": [1, 1, 38], "uv": [902, 226]},
						{"origin": [-84.01508, 51, -75.83407], "size": [1, 1, 36], "uv": [0, 965]},
						{"origin": [-83.01508, 51, -74.83407], "size": [1, 1, 39], "uv": [900, 779]},
						{"origin": [-82.01508, 51, -74.83407], "size": [1, 1, 41], "uv": [522, 859]},
						{"origin": [-81.01508, 51, -74.83407], "size": [1, 1, 37], "uv": [218, 941]},
						{"origin": [-80.01508, 51, -74.83407], "size": [1, 1, 38], "uv": [228, 902]},
						{"origin": [-79.01508, 51, -73.83407], "size": [1, 1, 36], "uv": [972, 382]},
						{"origin": [-78.01508, 51, -74.83407], "size": [1, 1, 35], "uv": [978, 724]},
						{"origin": [-77.01508, 51, -73.83407], "size": [1, 1, 37], "uv": [294, 941]},
						{"origin": [-76.01508, 51, -73.83407], "size": [1, 1, 36], "uv": [974, 40]},
						{"origin": [-75.01508, 51, -74.83407], "size": [1, 1, 36], "uv": [974, 77]},
						{"origin": [-74.01508, 51, -73.83407], "size": [1, 1, 37], "uv": [370, 941]},
						{"origin": [-73.01508, 51, -72.83407], "size": [1, 1, 38], "uv": [902, 265]},
						{"origin": [-72.01508, 51, -72.83407], "size": [1, 1, 37], "uv": [948, 124]},
						{"origin": [-71.01508, 51, -72.83407], "size": [1, 1, 37], "uv": [950, 524]},
						{"origin": [-70.01508, 51, -72.83407], "size": [1, 1, 38], "uv": [902, 304]},
						{"origin": [-69.01508, 51, -71.83407], "size": [1, 1, 40], "uv": [866, 134]},
						{"origin": [-68.01508, 51, -72.83407], "size": [1, 1, 39], "uv": [900, 819]},
						{"origin": [-67.01508, 51, -71.83407], "size": [1, 1, 39], "uv": [340, 901]},
						{"origin": [-66.01508, 51, -71.83407], "size": [1, 1, 41], "uv": [172, 860]},
						{"origin": [-65.01508, 51, -70.83407], "size": [1, 1, 41], "uv": [256, 860]},
						{"origin": [-64.01508, 51, -70.83407], "size": [1, 1, 39], "uv": [420, 901]},
						{"origin": [-63.01508, 51, -71.83407], "size": [1, 1, 43], "uv": [806, 90]},
						{"origin": [-62.01508, 51, -70.83407], "size": [1, 1, 44], "uv": [762, 572]}
					]
				},
				{
					"name": "wing_11",
					"parent": "wing_10",
					"pivot": [-100.5, 51, -78],
					"rotation": [0, 0, -22.5],
					"cubes": [
						{"origin": [-102.5, 50, -80.995], "size": [2.5, 54, 2.5], "pivot": [-100, 50, -78.5], "rotation": [-90, 0, 0], "uv": [328, 1011]},
						{"origin": [-102.5, 50, -79.995], "size": [2.5, 43, 2.5], "pivot": [-102.5, 50, -78.5], "rotation": [-2.5, 0, -90], "uv": [378, 1037]}
					]
				},
				{
					"name": "leafwing11",
					"parent": "wing_11",
					"pivot": [-142.01508, 51, -74.83407],
					"cubes": [
						{"origin": [-142.01508, 51, -77.83407], "size": [1, 1, 53], "uv": [324, 327]},
						{"origin": [-141.01508, 51, -77.83407], "size": [1, 1, 53], "uv": [0, 342]},
						{"origin": [-140.01508, 51, -77.83407], "size": [1, 1, 52], "uv": [384, 192]},
						{"origin": [-139.01508, 51, -77.83407], "size": [1, 1, 50], "uv": [314, 434]},
						{"origin": [-138.01508, 51, -77.83407], "size": [1, 1, 49], "uv": [516, 483]},
						{"origin": [-137.01508, 51, -76.83407], "size": [1, 1, 48], "uv": [552, 205]},
						{"origin": [-136.01508, 51, -76.83407], "size": [1, 1, 47], "uv": [630, 392]},
						{"origin": [-135.01508, 51, -76.83407], "size": [1, 1, 48], "uv": [398, 582]},
						{"origin": [-134.01508, 51, -76.83407], "size": [1, 1, 49], "uv": [518, 51]},
						{"origin": [-133.01508, 51, -76.83407], "size": [1, 1, 47], "uv": [394, 631]},
						{"origin": [-132.01508, 51, -76.83407], "size": [1, 1, 48], "uv": [496, 582]},
						{"origin": [-131.01508, 51, -76.83407], "size": [1, 1, 46], "uv": [478, 679]},
						{"origin": [-130.01508, 51, -77.83407], "size": [1, 1, 48], "uv": [198, 584]},
						{"origin": [-129.01508, 51, -77.83407], "size": [1, 1, 49], "uv": [518, 101]},
						{"origin": [-128.01508, 51, -77.83407], "size": [1, 1, 47], "uv": [490, 631]},
						{"origin": [-127.01508, 51, -77.83407], "size": [1, 1, 50], "uv": [0, 449]},
						{"origin": [-126.01508, 51, -77.83407], "size": [1, 1, 49], "uv": [522, 0]},
						{"origin": [-125.01508, 51, -77.83407], "size": [1, 1, 48], "uv": [296, 584]},
						{"origin": [-124.01508, 51, -77.83407], "size": [1, 1, 45], "uv": [726, 348]},
						{"origin": [-123.01508, 51, -77.83407], "size": [1, 1, 46], "uv": [572, 679]},
						{"origin": [-122.01508, 51, -76.83407], "size": [1, 1, 46], "uv": [666, 679]},
						{"origin": [-121.01508, 51, -76.83407], "size": [1, 1, 44], "uv": [728, 771]},
						{"origin": [-120.01508, 51, -76.83407], "size": [1, 1, 43], "uv": [810, 0]},
						{"origin": [-119.01508, 51, -77.83407], "size": [1, 1, 46], "uv": [290, 680]},
						{"origin": [-118.01508, 51, -77.83407], "size": [1, 1, 45], "uv": [384, 726]},
						{"origin": [-117.01508, 51, -77.83407], "size": [1, 1, 44], "uv": [276, 772]},
						{"origin": [-116.01508, 51, -77.83407], "size": [1, 1, 42], "uv": [436, 817]},
						{"origin": [-115.01508, 51, -78.83407], "size": [1, 1, 44], "uv": [366, 772]},
						{"origin": [-114.01508, 51, -78.83407], "size": [1, 1, 45], "uv": [726, 394]},
						{"origin": [-113.01508, 51, -77.83407], "size": [1, 1, 44], "uv": [456, 772]},
						{"origin": [-112.01508, 51, -77.83407], "size": [1, 1, 43], "uv": [724, 816]},
						{"origin": [-111.01508, 51, -77.83407], "size": [1, 1, 45], "uv": [476, 726]},
						{"origin": [-110.01508, 51, -78.83407], "size": [1, 1, 47], "uv": [586, 631]},
						{"origin": [-109.01508, 51, -77.83407], "size": [1, 1, 47], "uv": [632, 254]},
						{"origin": [-108.01508, 51, -77.83407], "size": [1, 1, 47], "uv": [194, 633]},
						{"origin": [-107.01508, 51, -77.83407], "size": [1, 1, 49], "uv": [530, 378]},
						{"origin": [-106.01508, 51, -77.83407], "size": [1, 1, 48], "uv": [590, 151]},
						{"origin": [-105.01508, 51, -77.83407], "size": [1, 1, 49], "uv": [530, 428]},
						{"origin": [-104.01508, 51, -78.83407], "size": [1, 1, 52], "uv": [0, 396]},
						{"origin": [-103.01508, 51, -78.83407], "size": [1, 1, 53], "uv": [108, 342]}
					]
				},
				{
					"name": "wing_12",
					"parent": "wing_11",
					"pivot": [-142.5, 51, -74],
					"rotation": [0, 0, -12.5],
					"cubes": [
						{"origin": [-144.8, 51, -79.19], "size": [2.25, 43, 2.25], "pivot": [-144.8, 51, -77.7], "rotation": [-90, -52.5, 0], "uv": [386, 1037]},
						{"origin": [-142.5, 50, -78.995], "size": [2.25, 54, 2.25], "pivot": [-142.5, 50, -77.5], "rotation": [-90, 0, -90], "uv": [618, 1023]}
					]
				},
				{
					"name": "leafwing12",
					"parent": "wing_12",
					"pivot": [-142.5, 51, -74],
					"cubes": [
						{"origin": [-176.01508, 51, -51.83407], "size": [1, 1, 4], "uv": [202, 449]},
						{"origin": [-175.01508, 51, -52.83407], "size": [1, 1, 5], "uv": [874, 524]},
						{"origin": [-174.01508, 51, -53.83407], "size": [1, 1, 9], "uv": [740, 650]},
						{"origin": [-173.01508, 51, -53.83407], "size": [1, 1, 8], "uv": [778, 184]},
						{"origin": [-172.01508, 51, -54.83407], "size": [1, 1, 12], "uv": [918, 213]},
						{"origin": [-171.01508, 51, -55.83407], "size": [1, 1, 14], "uv": [1048, 36]},
						{"origin": [-170.01508, 51, -56.83407], "size": [1, 1, 15], "uv": [654, 920]},
						{"origin": [-169.01508, 51, -56.83407], "size": [1, 1, 13], "uv": [1048, 84]},
						{"origin": [-168.01508, 51, -58.83407], "size": [1, 1, 14], "uv": [1048, 51]},
						{"origin": [-167.01508, 51, -59.83407], "size": [1, 1, 18], "uv": [1042, 209]},
						{"origin": [-166.01508, 51, -59.83407], "size": [1, 1, 19], "uv": [788, 1037]},
						{"origin": [-165.01508, 51, -60.83407], "size": [1, 1, 21], "uv": [952, 1036]},
						{"origin": [-163.01508, 51, -62.83407], "size": [1, 1, 24], "uv": [278, 1011]},
						{"origin": [-164.01508, 51, -61.83407], "size": [1, 1, 22], "uv": [54, 1026]},
						{"origin": [-162.01508, 51, -62.83407], "size": [1, 1, 21], "uv": [996, 1036]},
						{"origin": [-161.01508, 51, -64.83407], "size": [1, 1, 24], "uv": [1012, 562]},
						{"origin": [-160.01508, 51, -63.83407], "size": [1, 1, 24], "uv": [1012, 844]},
						{"origin": [-159.01508, 51, -65.83407], "size": [1, 1, 26], "uv": [342, 1010]},
						{"origin": [-158.01508, 51, -65.83407], "size": [1, 1, 27], "uv": [574, 995]},
						{"origin": [-157.01508, 51, -67.83407], "size": [1, 1, 30], "uv": [980, 275]},
						{"origin": [-156.01508, 51, -67.83407], "size": [1, 1, 31], "uv": [278, 979]},
						{"origin": [-155.01508, 51, -67.83407], "size": [1, 1, 28], "uv": [682, 650]},
						{"origin": [-154.01508, 51, -69.83407], "size": [1, 1, 33], "uv": [210, 979]},
						{"origin": [-153.01508, 51, -69.83407], "size": [1, 1, 32], "uv": [818, 407]},
						{"origin": [-152.01508, 51, -71.83407], "size": [1, 1, 37], "uv": [954, 447]},
						{"origin": [-151.01508, 51, -72.83407], "size": [1, 1, 38], "uv": [902, 343]},
						{"origin": [-150.01508, 51, -72.83407], "size": [1, 1, 37], "uv": [954, 485]},
						{"origin": [-149.01508, 51, -73.83407], "size": [1, 1, 44], "uv": [546, 772]},
						{"origin": [-148.01508, 51, -73.83407], "size": [1, 1, 43], "uv": [812, 816]},
						{"origin": [-147.01508, 51, -75.83407], "size": [1, 1, 46], "uv": [190, 681]},
						{"origin": [-146.01508, 51, -75.83407], "size": [1, 1, 48], "uv": [594, 582]},
						{"origin": [-145.01508, 51, -76.83407], "size": [1, 1, 52], "uv": [106, 396]}
					]
				},
				{
					"name": "hitboxes",
					"pivot": [0, 0, 0],
					"cubes": [
						{"origin": [-17, 21, -71], "size": [33, 26, 63], "uv": [-77, -61]},
						{"origin": [-11, 24, -118], "size": [23, 23, 33], "uv": [-41, -31]},
						{"origin": [12, 19, -81], "size": [148, 59, 58], "uv": [-66, -56]},
						{"origin": [-160, 19, -81], "size": [148, 59, 58], "uv": [-41, -31], "mirror": true}
					]
				}
			]
		}
	]
}