{
	"format_version": "1.12.0",
	"minecraft:geometry": [
		{
			"description": {
				"identifier": "geometry.unknown",
				"texture_width": 64,
				"texture_height": 64,
				"visible_bounds_width": 3,
				"visible_bounds_height": 2.5,
				"visible_bounds_offset": [0, 0.75, 0]
			},
			"bones": [
				{
					"name": "hedgehod",
					"pivot": [0, 0, 7]
				},
				{
					"name": "top_part",
					"parent": "hedgehod",
					"pivot": [0, 2, 7]
				},
				{
					"name": "head",
					"parent": "top_part",
					"pivot": [0, 4, -2],
					"cubes": [
						{"origin": [-3, 2, -5], "size": [6, 4, 3], "uv": [3, 51], "mirror": true}
					]
				},
				{
					"name": "mouth",
					"parent": "head",
					"pivot": [0, 2, -6],
					"cubes": [
						{"origin": [-2, 2, -7], "size": [4, 2, 2], "uv": [18, 50], "mirror": true}
					]
				},
				{
					"name": "ear",
					"parent": "head",
					"pivot": [3.5, 6.5, -3]
				},
				{
					"name": "body",
					"parent": "top_part",
					"pivot": [3, 2, -1],
					"cubes": [
						{"origin": [-4, 2, -2], "size": [8, 7, 9], "uv": [0, 0]}
					]
				},
				{
					"name": "leftside_thorn",
					"parent": "body",
					"pivot": [4, 8.5, -2]
				},
				{
					"name": "thorn_layer_1",
					"parent": "leftside_thorn",
					"pivot": [4, 4, -2]
				},
				{
					"name": "thorn_left_2",
					"parent": "thorn_layer_1",
					"pivot": [4, 4, -2],
					"cubes": [
						{"origin": [3.9, 4, -2], "size": [0.1, 1, 2], "pivot": [4, 4, -2], "rotation": [0, 25, 0], "uv": [2, 0]}
					]
				},
				{
					"name": "thorn_left_1",
					"parent": "thorn_layer_1",
					"pivot": [4, 6, -2],
					"cubes": [
						{"origin": [3.9, 6, -2], "size": [0.1, 1, 2], "pivot": [4, 6, -2], "rotation": [0, 25, 0], "uv": [2, 0]}
					]
				},
				{
					"name": "thorn_left_9",
					"parent": "thorn_layer_1",
					"pivot": [4, 8, -2],
					"cubes": [
						{"origin": [3.9, 8, -2], "size": [0.1, 1, 1], "pivot": [4, 8, -2], "rotation": [0, 25, 0], "uv": [3, 1]}
					]
				},
				{
					"name": "thorn_layer_2",
					"parent": "leftside_thorn",
					"pivot": [4, 7, 0]
				},
				{
					"name": "thorn_left_3",
					"parent": "thorn_layer_2",
					"pivot": [4, 7, 0],
					"cubes": [
						{"origin": [3.9, 7, 0], "size": [0.1, 1, 2], "pivot": [4, 7, 0], "rotation": [0, 25, 0], "uv": [2, 0]}
					]
				},
				{
					"name": "thorn_left_10",
					"parent": "thorn_layer_2",
					"pivot": [4, 5, 0],
					"cubes": [
						{"origin": [3.9, 4, 0], "size": [0.1, 1, 1], "pivot": [4, 4, 0], "rotation": [0, 25, 0], "uv": [3, 1]}
					]
				},
				{
					"name": "thorn_layer_3",
					"parent": "leftside_thorn",
					"pivot": [4, 8, 2]
				},
				{
					"name": "thorn_left_4",
					"parent": "thorn_layer_3",
					"pivot": [4, 8, 2],
					"cubes": [
						{"origin": [3.9, 8, 2], "size": [0.1, 1, 2], "pivot": [4, 8, 2], "rotation": [0, 25, 0], "uv": [2, 0]}
					]
				},
				{
					"name": "thorn_left_5",
					"parent": "thorn_layer_3",
					"pivot": [4, 6, 2],
					"cubes": [
						{"origin": [3.9, 6, 2], "size": [0.1, 1, 2], "pivot": [4, 6, 2], "rotation": [0, 25, 0], "uv": [2, 0]}
					]
				},
				{
					"name": "thorn_left_6",
					"parent": "thorn_layer_3",
					"pivot": [4, 4, 2],
					"cubes": [
						{"origin": [3.9, 4, 2], "size": [0.1, 1, 2], "pivot": [4, 4, 2], "rotation": [0, 25, 0], "uv": [2, 0]}
					]
				},
				{
					"name": "thorn_layer_4",
					"parent": "leftside_thorn",
					"pivot": [4, 5, 4]
				},
				{
					"name": "thorn_left_7",
					"parent": "thorn_layer_4",
					"pivot": [4, 5, 4],
					"cubes": [
						{"origin": [3.9, 5, 4], "size": [0.1, 1, 2], "pivot": [4, 5, 4], "rotation": [0, 25, 0], "uv": [2, 0]}
					]
				},
				{
					"name": "thorn_left_8",
					"parent": "thorn_layer_4",
					"pivot": [4, 7, 4],
					"cubes": [
						{"origin": [3.9, 7, 4], "size": [0.1, 1, 2], "pivot": [4, 7, 4], "rotation": [0, 25, 0], "uv": [2, 0]}
					]
				},
				{
					"name": "thorn_layer_5",
					"parent": "leftside_thorn",
					"pivot": [4, 4, 6]
				},
				{
					"name": "thorn_left_11",
					"parent": "thorn_layer_5",
					"pivot": [4, 4, 6],
					"cubes": [
						{"origin": [3.9, 4, 6], "size": [0.1, 1, 1], "pivot": [4, 4, 6], "rotation": [0, 25, 0], "uv": [3, 1]}
					]
				},
				{
					"name": "thorn_left_12",
					"parent": "thorn_layer_5",
					"pivot": [4, 6, 6],
					"cubes": [
						{"origin": [3.9, 6, 6], "size": [0.1, 1, 1], "pivot": [4, 6, 6], "rotation": [0, 25, 0], "uv": [3, 1]}
					]
				},
				{
					"name": "thorn_left_13",
					"parent": "thorn_layer_5",
					"pivot": [4, 8, 6],
					"cubes": [
						{"origin": [3.9, 8, 6], "size": [0.1, 1, 1], "pivot": [4, 8, 6], "rotation": [0, 25, 0], "uv": [3, 1]}
					]
				},
				{
					"name": "top_thorn",
					"parent": "body",
					"pivot": [1.5, 9, 0]
				},
				{
					"name": "thorn_layer_6",
					"parent": "top_thorn",
					"pivot": [3, 9, -2]
				},
				{
					"name": "thorn_top_1",
					"parent": "thorn_layer_6",
					"pivot": [3, 9, -2],
					"cubes": [
						{"origin": [2, 9, -2], "size": [1, 0.1, 2], "pivot": [3, 9, -2], "rotation": [25, 0, 0], "uv": [1, 0]}
					]
				},
				{
					"name": "thorn_top_2",
					"parent": "thorn_layer_6",
					"pivot": [3, 9, -2],
					"cubes": [
						{"origin": [0, 9, -2], "size": [1, 0.1, 2], "pivot": [1, 9, -2], "rotation": [25, 0, 0], "uv": [1, 0]}
					]
				},
				{
					"name": "thorn_top_3",
					"parent": "thorn_layer_6",
					"pivot": [3, 9, -2],
					"cubes": [
						{"origin": [-2, 9, -2], "size": [1, 0.1, 2], "pivot": [-1, 9, -2], "rotation": [25, 0, 0], "uv": [1, 0]}
					]
				},
				{
					"name": "thorn_top_4",
					"parent": "thorn_layer_6",
					"pivot": [3, 9, -2],
					"cubes": [
						{"origin": [-4, 9, -2], "size": [1, 0.1, 2], "pivot": [-3, 9, -2], "rotation": [25, 0, 0], "uv": [1, 0]}
					]
				},
				{
					"name": "thorn_layer_7",
					"parent": "top_thorn",
					"pivot": [3, 9, 0]
				},
				{
					"name": "thorn_top_14",
					"parent": "thorn_layer_7",
					"pivot": [3, 9, -2],
					"cubes": [
						{"origin": [1, 9, 0], "size": [1, 0.1, 1], "pivot": [2, 9, 0], "rotation": [25, 0, 0], "uv": [2, 2]}
					]
				},
				{
					"name": "thorn_top_15",
					"parent": "thorn_layer_7",
					"pivot": [3, 9, -2],
					"cubes": [
						{"origin": [-3, 9, 0], "size": [1, 0.1, 1], "pivot": [-2, 9, 0], "rotation": [25, 0, 0], "uv": [2, 2]}
					]
				},
				{
					"name": "thorn_top_5",
					"parent": "thorn_layer_7",
					"pivot": [3, 9, -2],
					"cubes": [
						{"origin": [-1, 9, 0], "size": [1, 0.1, 2], "pivot": [0, 9, 0], "rotation": [25, 0, 0], "uv": [1, 0]}
					]
				},
				{
					"name": "thorn_top_6",
					"parent": "thorn_layer_7",
					"pivot": [3, 9, -2],
					"cubes": [
						{"origin": [3, 9, 0], "size": [1, 0.1, 2], "pivot": [4, 9, 0], "rotation": [25, 0, 0], "uv": [1, 0]}
					]
				},
				{
					"name": "thorn_layer_8",
					"parent": "top_thorn",
					"pivot": [3, 9, 2]
				},
				{
					"name": "thorn_top_16",
					"parent": "thorn_layer_8",
					"pivot": [3, 9, -2],
					"cubes": [
						{"origin": [-2, 9, 2], "size": [1, 0.1, 1], "pivot": [-1, 9, 2], "rotation": [25, 0, 0], "uv": [2, 2]}
					]
				},
				{
					"name": "thorn_top_7",
					"parent": "thorn_layer_8",
					"pivot": [3, 9, -2],
					"cubes": [
						{"origin": [2, 9, 2], "size": [1, 0.1, 2], "pivot": [3, 9, 2], "rotation": [25, 0, 0], "uv": [1, 0]}
					]
				},
				{
					"name": "thorn_top_8",
					"parent": "thorn_layer_8",
					"pivot": [3, 9, -2],
					"cubes": [
						{"origin": [0, 9, 2], "size": [1, 0.1, 2], "pivot": [1, 9, 2], "rotation": [25, 0, 0], "uv": [1, 0]}
					]
				},
				{
					"name": "thorn_top_9",
					"parent": "thorn_layer_8",
					"pivot": [3, 9, -2],
					"cubes": [
						{"origin": [-4.1, 9, 2], "size": [1, 0.1, 2], "pivot": [-3.1, 9, 2], "rotation": [25, 0, 0], "uv": [1, 0]}
					]
				},
				{
					"name": "thorn_layer_9",
					"parent": "top_thorn",
					"pivot": [3, 9, 4]
				},
				{
					"name": "thorn_top_10",
					"parent": "thorn_layer_9",
					"pivot": [3, 9, -2],
					"cubes": [
						{"origin": [-3.1, 9, 4], "size": [1, 0.1, 2], "pivot": [-2.1, 9, 4], "rotation": [25, 0, 0], "uv": [1, 0]}
					]
				},
				{
					"name": "thorn_top_11",
					"parent": "thorn_layer_9",
					"pivot": [3, 9, -2],
					"cubes": [
						{"origin": [-1.1, 9, 4], "size": [1, 0.1, 2], "pivot": [-0.1, 9, 4], "rotation": [25, 0, 0], "uv": [1, 0]}
					]
				},
				{
					"name": "thorn_top_12",
					"parent": "thorn_layer_9",
					"pivot": [3, 9, -2],
					"cubes": [
						{"origin": [0.9, 9, 4], "size": [1, 0.1, 2], "pivot": [1.9, 9, 4], "rotation": [25, 0, 0], "uv": [1, 0]}
					]
				},
				{
					"name": "thorn_top_13",
					"parent": "thorn_layer_9",
					"pivot": [3, 9, -2],
					"cubes": [
						{"origin": [2.9, 9, 4], "size": [1, 0.1, 2], "pivot": [3.9, 9, 4], "rotation": [25, 0, 0], "uv": [1, 0]}
					]
				},
				{
					"name": "thorn_layer_10",
					"parent": "top_thorn",
					"pivot": [0, 9, 6]
				},
				{
					"name": "thorn_top_17",
					"parent": "thorn_layer_10",
					"pivot": [3, 9, -2],
					"cubes": [
						{"origin": [-2, 9, 6], "size": [1, 0.1, 1], "pivot": [-1, 9, 6], "rotation": [25, 0, 0], "uv": [2, 2]}
					]
				},
				{
					"name": "thorn_top_18",
					"parent": "thorn_layer_10",
					"pivot": [3, 9, -2],
					"cubes": [
						{"origin": [0, 9, 6], "size": [1, 0.1, 1], "pivot": [1, 9, 6], "rotation": [25, 0, 0], "uv": [2, 2]}
					]
				},
				{
					"name": "thorn_top_19",
					"parent": "thorn_layer_10",
					"pivot": [3, 9, -2],
					"cubes": [
						{"origin": [2, 9, 6], "size": [1, 0.1, 1], "pivot": [3, 9, 6], "rotation": [25, 0, 0], "uv": [2, 2]}
					]
				},
				{
					"name": "thorn_top_20",
					"parent": "thorn_layer_10",
					"pivot": [3, 9, -2],
					"cubes": [
						{"origin": [-4, 9, 6], "size": [1, 0.1, 1], "pivot": [-3, 9, 6], "rotation": [25, 0, 0], "uv": [2, 2]}
					]
				},
				{
					"name": "rightside_thorn",
					"parent": "body",
					"pivot": [-4, 4.5, -2]
				},
				{
					"name": "thorn_layer_11",
					"parent": "rightside_thorn",
					"pivot": [-4, 4.5, -2]
				},
				{
					"name": "thorn_right_1",
					"parent": "thorn_layer_11",
					"pivot": [-4, 4.5, -2],
					"cubes": [
						{"origin": [-4.1, 4, -2], "size": [0.1, 1, 2], "pivot": [-4, 4, -2], "rotation": [0, -25, 0], "uv": [3, 0]}
					]
				},
				{
					"name": "thorn_right_2",
					"parent": "thorn_layer_11",
					"pivot": [-4, 4.5, -2],
					"cubes": [
						{"origin": [-4.1, 6, -2], "size": [0.1, 1, 2], "pivot": [-4, 6, -2], "rotation": [0, -25, 0], "uv": [3, 0]}
					]
				},
				{
					"name": "thorn_right_9",
					"parent": "thorn_layer_11",
					"pivot": [-4, 4.5, -2],
					"cubes": [
						{"origin": [-4.1, 8, -2], "size": [0.1, 1, 1], "pivot": [-4, 8, -2], "rotation": [0, -25, 0], "uv": [4, 1]}
					]
				},
				{
					"name": "thorn_layer_12",
					"parent": "rightside_thorn",
					"pivot": [-4, 4, 0]
				},
				{
					"name": "thorn_right_3",
					"parent": "thorn_layer_12",
					"pivot": [-4, 4.5, -2],
					"cubes": [
						{"origin": [-4.1, 7, 0], "size": [0.1, 1, 2], "pivot": [-4, 7, 0], "rotation": [0, -25, 0], "uv": [3, 0]}
					]
				},
				{
					"name": "thorn_right_10",
					"parent": "thorn_layer_12",
					"pivot": [-4, 4.5, -2],
					"cubes": [
						{"origin": [-4.1, 4, 0], "size": [0.1, 1, 1], "pivot": [-4, 4, 0], "rotation": [0, -25, 0], "uv": [4, 1]}
					]
				},
				{
					"name": "thorn_layer_13",
					"parent": "rightside_thorn",
					"pivot": [-4, 4, 2]
				},
				{
					"name": "thorn_right_4",
					"parent": "thorn_layer_13",
					"pivot": [-4, 4.5, -2],
					"cubes": [
						{"origin": [-4.1, 8, 2], "size": [0.1, 1, 2], "pivot": [-4, 8, 2], "rotation": [0, -25, 0], "uv": [3, 0]}
					]
				},
				{
					"name": "thorn_right_5",
					"parent": "thorn_layer_13",
					"pivot": [-4, 4.5, -2],
					"cubes": [
						{"origin": [-4.1, 6, 2], "size": [0.1, 1, 2], "pivot": [-4, 6, 2], "rotation": [0, -25, 0], "uv": [3, 0]}
					]
				},
				{
					"name": "thorn_right_6",
					"parent": "thorn_layer_13",
					"pivot": [-4, 4.5, -2],
					"cubes": [
						{"origin": [-4.1, 4, 2], "size": [0.1, 1, 2], "pivot": [-4, 4, 2], "rotation": [0, -25, 0], "uv": [3, 0]}
					]
				},
				{
					"name": "thorn_layer_14",
					"parent": "rightside_thorn",
					"pivot": [-4, 4, 4]
				},
				{
					"name": "thorn_right_7",
					"parent": "thorn_layer_14",
					"pivot": [-4, 4.5, -2],
					"cubes": [
						{"origin": [-4.1, 5, 4], "size": [0.1, 1, 2], "pivot": [-4, 5, 4], "rotation": [0, -25, 0], "uv": [3, 0]}
					]
				},
				{
					"name": "thorn_right_8",
					"parent": "thorn_layer_14",
					"pivot": [-4, 4.5, -2],
					"cubes": [
						{"origin": [-4.1, 7, 4], "size": [0.1, 1, 2], "pivot": [-4, 7, 4], "rotation": [0, -25, 0], "uv": [3, 0]}
					]
				},
				{
					"name": "thorn_layer_15",
					"parent": "rightside_thorn",
					"pivot": [-4, 4, 6]
				},
				{
					"name": "thorn_right_11",
					"parent": "thorn_layer_15",
					"pivot": [-4, 4.5, -2],
					"cubes": [
						{"origin": [-4.1, 4, 6], "size": [0.1, 1, 1], "pivot": [-4, 4, 6], "rotation": [0, -25, 0], "uv": [4, 1]}
					]
				},
				{
					"name": "thorn_right_12",
					"parent": "thorn_layer_15",
					"pivot": [-4, 4.5, -2],
					"cubes": [
						{"origin": [-4.1, 6, 6], "size": [0.1, 1, 1], "pivot": [-4, 6, 6], "rotation": [0, -25, 0], "uv": [4, 1]}
					]
				},
				{
					"name": "thorn_right_13",
					"parent": "thorn_layer_15",
					"pivot": [-4, 4.5, -2],
					"cubes": [
						{"origin": [-4.1, 8.1, 6], "size": [0.1, 1, 1], "pivot": [-4, 8.1, 6], "rotation": [0, -25, 0], "uv": [4, 1]}
					]
				},
				{
					"name": "back_thorn",
					"parent": "body",
					"pivot": [-3.6, 7, 7]
				},
				{
					"name": "thorn_layer_16",
					"parent": "back_thorn",
					"pivot": [-3.6, 9, 7]
				},
				{
					"name": "thorn_back_1",
					"parent": "thorn_layer_16",
					"pivot": [-3.6, 7, 7],
					"cubes": [
						{"origin": [3, 8, 7], "size": [1, 1, 0.1], "pivot": [4, 9, 7], "rotation": [25, 0, 0], "uv": [3, 2]}
					]
				},
				{
					"name": "thorn_back_6",
					"parent": "thorn_layer_16",
					"pivot": [-3.6, 7, 7],
					"cubes": [
						{"origin": [1, 7, 7], "size": [1, 2, 0.1], "pivot": [2, 9, 7], "rotation": [25, 0, 0], "uv": [3, 2]}
					]
				},
				{
					"name": "thorn_back_7",
					"parent": "thorn_layer_16",
					"pivot": [-3.6, 7, 7],
					"cubes": [
						{"origin": [-3, 7, 7], "size": [1, 2, 0.1], "pivot": [-2, 9, 7], "rotation": [25, 0, 0], "uv": [3, 2]}
					]
				},
				{
					"name": "thorn_back_2",
					"parent": "thorn_layer_16",
					"pivot": [-3.6, 7, 7],
					"cubes": [
						{"origin": [-1, 8, 7], "size": [1, 1, 0.1], "pivot": [0, 9, 7], "rotation": [25, 0, 0], "uv": [3, 2]}
					]
				},
				{
					"name": "thorn_layer_17",
					"parent": "back_thorn",
					"pivot": [-3.6, 7, 7]
				},
				{
					"name": "thorn_back_3",
					"parent": "thorn_layer_17",
					"pivot": [-3.6, 7, 7],
					"cubes": [
						{"origin": [0, 6, 7], "size": [1, 1, 0.1], "pivot": [1, 7, 7], "rotation": [25, 0, 0], "uv": [3, 2]}
					]
				},
				{
					"name": "thorn_back_4",
					"parent": "thorn_layer_17",
					"pivot": [-3.6, 7, 7],
					"cubes": [
						{"origin": [-4, 6, 7], "size": [1, 1, 0.1], "pivot": [-3, 7, 7], "rotation": [25, 0, 0], "uv": [3, 2]}
					]
				},
				{
					"name": "thorn_back_8",
					"parent": "thorn_layer_17",
					"pivot": [-3.6, 7, 7],
					"cubes": [
						{"origin": [-2, 5, 7], "size": [1, 2, 0.1], "pivot": [-1, 7, 7], "rotation": [25, 0, 0], "uv": [3, 2]}
					]
				},
				{
					"name": "thorn_back_9",
					"parent": "thorn_layer_17",
					"pivot": [-3.6, 7, 7],
					"cubes": [
						{"origin": [2, 5, 7], "size": [1, 2, 0.1], "pivot": [3, 7, 7], "rotation": [25, 0, 0], "uv": [3, 2]}
					]
				},
				{
					"name": "thorn_layer_18",
					"parent": "back_thorn",
					"pivot": [-3.6, 5, 7]
				},
				{
					"name": "thorn_back_5",
					"parent": "thorn_layer_18",
					"pivot": [-3.6, 7, 7],
					"cubes": [
						{"origin": [3, 4, 7], "size": [1, 1, 0.1], "pivot": [4, 5, 7], "rotation": [25, 0, 0], "uv": [3, 2]}
					]
				},
				{
					"name": "thorn_back_10",
					"parent": "thorn_layer_18",
					"pivot": [-3.6, 7, 7],
					"cubes": [
						{"origin": [1, 3, 7], "size": [1, 2, 0.1], "pivot": [2, 5, 7], "rotation": [25, 0, 0], "uv": [3, 2]}
					]
				},
				{
					"name": "thorn_back_11",
					"parent": "thorn_layer_18",
					"pivot": [-3.6, 7, 7],
					"cubes": [
						{"origin": [-1, 3, 7], "size": [1, 2, 0.1], "pivot": [0, 5, 7], "rotation": [25, 0, 0], "uv": [3, 2]}
					]
				},
				{
					"name": "thorn_back_12",
					"parent": "thorn_layer_18",
					"pivot": [-3.6, 7, 7],
					"cubes": [
						{"origin": [-3, 3, 7], "size": [1, 2, 0.1], "pivot": [-2, 5, 7], "rotation": [25, 0, 0], "uv": [3, 2]}
					]
				},
				{
					"name": "bottom_part",
					"parent": "hedgehod",
					"pivot": [-2, 0, 4]
				},
				{
					"name": "back_right_leg",
					"parent": "bottom_part",
					"pivot": [-2, 0, 6],
					"cubes": [
						{"origin": [-3, 0, 3], "size": [2, 2, 3], "uv": [32, 35]}
					]
				},
				{
					"name": "back_left_leg",
					"parent": "bottom_part",
					"pivot": [2, 0, 6],
					"cubes": [
						{"origin": [1, 0, 3], "size": [2, 2, 3], "uv": [16, 35]}
					]
				},
				{
					"name": "front_left_leg",
					"parent": "bottom_part",
					"pivot": [2, 2, 0],
					"cubes": [
						{"origin": [1, 0, -2], "size": [2, 2, 2], "uv": [0, 34]}
					]
				},
				{
					"name": "front_right_leg",
					"parent": "bottom_part",
					"pivot": [-2, 2, 0],
					"cubes": [
						{"origin": [-3, 0, -2], "size": [2, 2, 2], "uv": [32, 18]}
					]
				}
			]
		}
	]
}